CABra ID,ANA ID,q_mean,q_1,q_5,q_95,q_99,q_lf,q_ld,q_hf,q_hd,q_hfd,q_zero,q_cv,q_lcv,q_hcv,q_elasticity,fdc_slope,baseflow_index,runoff_coef,q_annual,q_baseflow_annual,q_quickflow_annual
1,13880000,2.25,0.34,0.39,4.52,4.64,19,38,0,0,181,0,0.08,0.11,0.04,0.36,-4.42,0.81703824,0.4,820.5325443,670.406466,150.1260783
2,14110000,5.6,0.67,1.16,11.17,11.96,15,20,0,0,248,0,0.11,0.62,0.11,0.97,-1.93,0.818548211,0.63,2046.62781,1675.263532,371.3642778
3,14230000,6.69,1.24,2.12,12.42,14.16,4,9,0,0,238,0,0.08,0.46,0.09,1.08,-1.58,0.825742922,0.79,2443.673371,2017.845989,425.8273818
4,14250000,5.72,1.03,1.72,10.63,11.77,4,9,0,0,242,0,0.1,0.5,0.1,0.89,-1.68,0.837115213,0.65,2088.711738,1748.492371,340.2193665
5,14260000,5.06,0.43,1.09,9.91,11.83,14,14,0,0,243,0,0.09,0.55,0.13,0.55,-1.79,0.810750951,0.65,1848.196118,1498.426761,349.7693568
6,14280001,5.25,0.63,1.3,10.12,11.97,11,13,0,0,239,0,0.1,0.52,0.14,0.26,-1.64,0.818734491,0.67,1916.915825,1569.445103,347.470722
7,14300000,5.57,1.34,1.98,11.02,16.73,1,6,0,0,217,0,0.13,0.26,0.26,1.31,-1.4,0.803447459,0.68,2035.793716,1635.653289,400.1404272
8,14330000,5.52,1.11,1.93,9.82,11.01,3,10,0,0,236,0,0.1,0.49,0.1,1.11,-1.37,0.845258836,0.64,2016.977021,1704.867649,312.1093716
9,14420000,5.25,1.52,2.17,9.12,10.24,0,0,0,0,232,0,0.11,0.38,0.11,0.79,-1.13,0.866228363,0.63,1918.248357,1661.641134,256.607223
10,14495000,2.7,0.41,0.61,6.4,7.95,5,8,0,0,245,0,0.25,0.49,0.19,1.05,-2.08,0.814844974,0.46,976.0490422,795.3286561,180.7203861
11,14515000,2.5,0.29,0.43,6.68,8.18,11,11,0,0,253,0,0.29,0.57,0.23,-0.5,-2.35,0.799786097,0.43,906.5061382,725.0110064,181.4951318
12,14550000,2.16,0.17,0.26,7.71,13.76,10,5,11,2,255,0,0.32,0.37,0.32,0.3,-3.15,0.763747246,0.57,775.4937166,592.2811901,183.2125265
13,14680001,2.13,0.26,0.41,4.96,6.41,12,11,0,0,245,0,0.28,0.6,0.24,0.44,-2.11,0.818036107,0.37,766.526332,627.0462166,139.4801154
14,14710000,2.21,0.2,0.31,6.51,7.85,13,14,0,0,262,0,0.3,0.59,0.24,0.84,-2.86,0.789616366,0.42,798.541487,630.5414273,168.0000597
15,15030000,3.51,1.74,2.02,5.33,5.82,0,0,0,0,215,0,0.1,0.14,0.12,1.11,-0.94,0.919069687,0.5,1283.002809,1179.168991,103.8338184
16,15050000,1.67,0.97,1.07,2.93,3.69,0,0,0,0,171,0,0.11,0.12,0.21,0.69,-0.81,0.906580001,0.39,568.3451105,515.2503107,53.09479976
17,15120001,0.49,0.11,0.12,1.44,1.79,0,0,1,18,174,0,0.26,0.14,0.29,0.47,-3.13,0.829052642,0.13,177.4604278,147.1240366,30.33639119
18,15250000,1.14,0.14,0.18,2.47,2.97,26,29,0,0,185,0,0.19,0.27,0.18,-0.19,-3.15,0.813998,0.24,414.8966832,337.7250705,77.17161266
19,15320002,1.69,0.27,0.35,3.53,3.88,9,12,0,0,173,0,0.25,0.26,0.24,0.28,-2.67,0.825919257,0.32,560.3813658,462.8297613,97.55160448
20,15430000,1.9,0.05,0.09,5.9,7.89,63,21,1,3,163,0,0.18,0.58,0.27,1.18,-5.13,0.734987342,0.35,681.8271948,501.1343579,180.6928369
21,15431000,2.22,0.14,0.21,6.37,8.11,35,10,0,0,164,0,0.16,0.31,0.15,-0.74,-4.29,0.766961807,0.38,810.489274,621.6143183,188.8749557
22,15432000,2.5,0.04,0.12,8.14,10.1,73,24,1,2,158,0,0.27,0.47,0.25,0.52,-5.1,0.737553574,0.43,913.0864083,673.4501441,239.6362642
23,15550000,2.31,0.21,0.29,6.12,7.7,21,15,0,0,179,0,0.18,0.29,0.18,0.96,-4.22,0.782936121,0.39,824.5559279,645.57462,178.9813079
24,15558000,1.88,0.53,0.59,5.02,6.63,0,0,0,0,156,0,0.17,0.36,0.16,0.82,-2.57,0.833857267,0.38,651.8787194,543.5738077,108.3049117
25,15560000,1.87,0.32,0.41,5.22,6.5,0,5,0,0,156,0,0.19,0.22,0.17,1.27,-3.05,0.808477902,0.37,645.9163978,522.2091342,123.7072636
26,15580000,2.04,0.24,0.35,5.31,6.4,6,19,0,0,163,0,0.15,0.25,0.16,1.11,-3.6,0.795524223,0.39,701.0160068,557.6752139,143.3407929
27,15630000,1.77,0.29,0.37,3.68,4.39,11,15,0,0,178,0,0.14,0.27,0.16,1.34,-2.6,0.826966141,0.33,639.5196336,528.8610835,110.6585501
28,15700000,1.87,0.28,0.4,3.65,3.96,11,24,0,0,184,0,0.11,0.36,0.09,0.82,-2.7,0.828224638,0.35,676.930543,560.6505541,116.2799889
29,15750000,1.76,0.13,0.18,4.77,5.84,31,17,0,0,170,0,0.17,0.39,0.18,0.43,-4.28,0.767938989,0.33,626.8591129,481.3895532,145.4695597
30,15800000,1.72,0.1,0.14,4.69,5.3,46,24,0,0,170,0,0.13,0.32,0.11,0.39,-4.71,0.757262097,0.29,628.7156518,476.1025326,152.6131192
31,15830000,2.13,0.17,0.23,5.54,6.51,34,28,0,0,174,0,0.13,0.27,0.12,1.43,-4.47,0.771716605,0.36,778.6341153,600.884876,177.7492393
32,15910000,2.97,0.13,0.2,8.96,10.7,59,19,0,0,168,0,0.23,0.43,0.16,2.09,-5.36,0.748518804,0.43,1084.128291,811.4904119,272.6378791
33,16700000,1.91,0.04,0.14,6.53,10.77,35,14,5,5,236,0,0.49,0.68,0.49,0.52,-3.3,0.756891907,0.43,640.0040597,484.4138934,155.5901663
34,17050001,2.98,1.39,1.65,4.14,4.38,0,0,0,0,211,0,0.07,0.14,0.07,0.58,-1.01,0.920214938,0.45,1087.656849,1000.87808,86.77876894
35,17090000,0.73,0,0.01,3.08,5.21,72,27,33,12,223,0,0.66,1.18,0.63,4.55,-4.72,0.738117522,0.13,266.4525124,196.6732681,69.77924427
36,17093000,2.24,1.66,1.71,2.99,3.25,0,0,0,0,174,0,0.06,0.06,0.07,-0.17,-0.59,0.950550969,0.46,786.7231823,747.8204833,38.90269903
37,17120000,1.69,0.77,0.87,3.04,3.57,0,0,0,0,165,0,0.1,0.13,0.16,0.57,-1.38,0.890583642,0.35,612.4452846,545.4337523,67.01153231
38,17200000,2.12,0.35,0.39,6.51,9.28,0,0,2,13,139,0,0.2,0.11,0.26,-0.13,-3.76,0.799706819,0.48,764.1141531,611.0672985,153.0468546
39,17280000,2.01,0.74,0.84,4.16,5.31,0,0,0,0,159,0,0.17,0.2,0.26,0.5,-1.76,0.869411088,0.43,672.2149641,584.4311432,87.78382092
40,17340000,1.96,0.64,0.73,4.35,4.95,0,0,0,0,162,0,0.18,0.11,0.21,-1.37,-2.26,0.86055016,0.4,670.6523838,577.1300164,93.52236745
41,17345000,3.98,1.3,1.66,8.35,12.22,0,0,0,0,154,0,0.18,0.2,0.27,0.61,-1.67,0.852254959,0.69,1393.419981,1187.549089,205.8708916
42,17350000,2.59,0.16,0.21,8.16,11.4,49,17,3,3,149,0,0.17,0.19,0.29,0.15,-5.23,0.752756548,0.46,947.5093201,713.2438451,234.265475
43,17730000,2.46,0.41,0.52,5.39,6.19,7,22,0,0,197,0,0.17,0.21,0.16,1.15,-2.5,0.827372889,0.44,869.6716238,719.5427242,150.1288996
44,18200000,1.02,0.02,0.04,3.96,5.94,51,37,16,7,219,0,0.54,0.73,0.46,3.11,-4.19,0.761550264,0.21,371.8215327,283.1607863,88.66074636
45,18250000,1.24,0.02,0.03,4.72,7.28,65,25,19,7,193,0,0.58,0.74,0.51,1.35,-4.87,0.750806346,0.24,421.4764206,316.4471713,105.0292493
46,18280000,1.79,0.02,0.09,5.46,7.99,48,25,0,0,234,0,0.42,0.81,0.31,1.52,-3.57,0.757062641,0.36,653.3890605,494.6564477,158.7326128
47,18420000,1.83,0.83,0.94,3.55,4.84,0,0,0,0,157,0,0.16,0.1,0.25,-0.14,-1.37,0.887285356,0.39,629.3288261,558.3942514,70.93457472
48,18460000,1.46,0.23,0.3,3.55,4.45,2,74,0,0,172,0,0.23,0.23,0.27,0.23,-3.46,0.817209234,0.3,509.3508233,416.2461959,93.10462741
49,18650000,1.97,0.09,0.14,5.65,7.43,54,27,0,0,180,0,0.24,0.39,0.2,2.03,-4.95,0.750175886,0.33,687.4383371,515.6996637,171.7386734
50,18850000,1.56,0.16,0.2,4.37,5.2,8,14,0,0,181,0,0.22,0.2,0.19,0.79,-4.39,0.780860565,0.3,563.6489174,440.1312121,123.5177053
51,19100000,1.36,0.11,0.2,3.55,5.49,17,14,1,5,225,0,0.32,0.43,0.47,1.92,-2.53,0.800796486,0.26,496.6547649,397.7193906,98.93537428
52,19150000,1.74,0.07,0.21,4.67,6.06,30,24,0,0,226,0,0.32,0.51,0.3,1.49,-2.67,0.791396713,0.35,636.3105427,503.5740722,132.7364705
53,20050000,1.05,0.25,0.33,2.58,5.28,0,0,2,2,146,0,0.36,0.25,0.72,-0.17,-1.85,0.845197108,0.27,367.8557643,310.910628,56.94513627
54,20250000,1.37,0.15,0.28,3.6,5.92,7,12,1,2,147,0,0.27,0.5,0.47,-1.11,-2.45,0.817035309,0.32,499.0445195,407.736993,91.30752652
55,21500000,0.74,0.19,0.21,2.36,4.37,0,0,5,7,143,0,0.36,0.14,0.61,-0.14,-2.14,0.831229735,0.2,263.0560567,218.6600164,44.39604032
56,21850000,1.5,0.81,0.84,3.37,7.05,0,0,2,5,153,0,0.19,0.05,0.5,0,-0.84,0.888489847,0.38,496.9478983,441.5331621,55.41473625
57,22680000,1.42,0.67,0.75,2.83,4.66,0,0,0,5,157,0,0.13,0.07,0.52,-0.05,-1.24,0.876766746,0.36,519.109445,455.137899,63.97154596
58,22700000,1.42,0.66,0.72,2.84,5.09,0,0,1,5,156,0,0.14,0.09,0.61,-0.33,-1.29,0.873442928,0.35,517.8259921,452.2914508,65.53454132
59,22900000,1.39,0.48,0.54,3.3,5.01,0,0,0,5,158,0,0.16,0.12,0.32,-0.22,-1.91,0.845687845,0.33,508.7756757,430.2654046,78.51027105
60,23100000,1.16,0.28,0.34,3.04,4.8,0,0,1,5,156,0,0.21,0.18,0.35,-0.33,-2.32,0.833912253,0.27,422.8314228,352.6043046,70.22711823
61,23250000,1.32,0.49,0.56,3.11,4.82,0,0,0,5,164,0,0.2,0.12,0.32,0.02,-1.66,0.857804404,0.31,472.9296336,405.6811227,67.24851093
62,23300000,1.19,0.31,0.37,2.99,4.37,0,0,0,0,158,0,0.19,0.16,0.3,-0.37,-2.31,0.8380123,0.28,430.9204089,361.1166029,69.80380603
63,23600000,1.2,0.32,0.39,3.12,4.73,0,0,0,0,160,0,0.2,0.16,0.32,-0.34,-2.26,0.8383523,0.28,437.3446061,366.6488563,70.69574982
64,23700000,1.28,0.36,0.42,3.33,5.04,0,0,0,0,160,0,0.19,0.12,0.34,-0.02,-2.33,0.839578044,0.3,468.7422206,393.5456768,75.19654377
65,24050000,2.32,1.34,1.56,3.52,4.31,0,0,0,0,164,0,0.09,0.13,0.16,0.03,-0.73,0.914893689,0.53,841.641686,770.0126668,71.62901925
66,24200000,1.73,0.42,0.49,4.99,7.97,0,0,1,2,146,0,0.19,0.13,0.34,0.09,-2.55,0.825021285,0.4,632.0224264,521.4319547,110.5904717
67,24500000,1.97,0.5,0.56,5.72,9.96,0,0,3,2,140,0,0.22,0.17,0.3,-0.11,-2.24,0.81998206,0.45,718.7964143,589.4001644,129.3962499
68,24700000,1.58,0.41,0.46,4.61,7.19,0,0,2,2,144,0,0.19,0.11,0.38,-0.18,-2.45,0.82314288,0.36,578.8669182,476.4901824,102.3767358
69,24750000,1.64,0.24,0.29,5.55,9.8,1,1,8,3,142,0,0.28,0.3,0.37,0.81,-2.79,0.799242183,0.38,598.8681949,478.6407235,120.2274714
70,24780000,1.78,0.08,0.14,6.41,12.69,29,9,13,3,143,0,0.31,0.6,0.33,1.7,-3.67,0.77024361,0.4,650.9924593,501.4227819,149.5696774
71,24800000,1.52,0.18,0.24,4.88,9.11,1,4,7,3,143,0,0.29,0.28,0.39,1.3,-3.17,0.796318407,0.35,555.5925284,442.4285574,113.163971
72,24850000,1.54,0.35,0.4,4.56,6.87,0,0,1,3,144,0,0.21,0.14,0.28,0.83,-2.61,0.819602426,0.35,562.3685762,460.9186496,101.4499266
73,24900000,1.46,0.34,0.41,4.25,7.83,0,0,3,3,152,0,0.35,0.22,0.63,0.13,-2.06,0.836226424,0.35,532.4639855,445.2604545,87.20353098
74,24950000,1.31,0.2,0.27,4.18,6.52,2,8,2,3,147,0,0.31,0.39,0.3,0.89,-2.48,0.818273912,0.31,478.0374134,391.1655444,86.87186898
75,25130000,1.32,0.04,0.09,4.63,9.6,39,22,12,3,136,0,0.34,0.83,0.39,-0.21,-3.8,0.773752919,0.29,482.0261904,372.969172,109.0570184
76,25200000,1.43,0.31,0.36,3.94,5.64,0,0,0,3,148,0,0.2,0.16,0.32,0.21,-2.78,0.819069981,0.33,523.0635234,428.4256302,94.63789317
77,25700000,1.32,0.23,0.29,3.54,4.41,1,19,0,0,155,0,0.2,0.3,0.21,1.03,-3.08,0.81305934,0.3,483.3284708,392.9747274,90.35374337
78,25950000,1.2,0.21,0.25,3.02,3.45,0,1,0,0,156,0,0.18,0.27,0.18,-0.03,-3.08,0.819355937,0.27,438.4092115,359.2131901,79.19602139
79,26050000,1.86,0.92,0.99,3.51,4.52,0,0,0,0,161,0,0.12,0.08,0.22,-0.39,-1.36,0.890848099,0.42,675.4806844,601.7506837,73.73000065
80,26100000,1.81,0.85,0.92,3.69,4.8,0,0,0,0,158,0,0.12,0.08,0.23,-0.47,-1.43,0.883677816,0.41,658.3918935,581.8063103,76.58558316
81,26300000,1.36,0.46,0.51,3.06,3.89,0,0,0,0,163,0,0.16,0.08,0.22,-0.63,-2.22,0.859136337,0.31,495.6551794,425.8353754,69.81980395
82,26350000,3.05,0.77,0.86,8.14,10.56,0,0,0,0,164,0,0.2,0.09,0.26,-0.3,-2.91,0.834191611,0.69,1110.206588,926.1250226,184.0815654
83,27500000,1.32,0.21,0.24,3.58,4.54,0,0,0,0,176,0,0.2,0.12,0.23,-0.09,-4.04,0.802691561,0.29,482.0696777,386.9532623,95.11641543
84,28150000,1.79,0.19,0.28,5.28,7.53,10,15,1,2,165,0,0.23,0.28,0.35,0.66,-3.11,0.784865131,0.35,647.6249204,508.2982177,139.3267027
85,28300000,1.32,0.16,0.2,3.52,4.28,3,14,0,0,176,0,0.18,0.2,0.2,0.28,-4.43,0.792924896,0.28,483.1729645,383.1198727,100.0530918
86,28850000,1.36,0.18,0.22,3.6,4.53,0,3,0,0,177,0,0.17,0.16,0.2,0.7,-4.47,0.795294508,0.29,496.2276089,394.6470921,101.5805168
87,29050000,1.28,0.27,0.31,3.26,3.81,0,0,0,0,175,0,0.16,0.1,0.19,0.51,-3.19,0.82686601,0.28,467.727052,386.7476013,80.9794507
88,29100000,1.38,0.04,0.09,4.61,6.26,36,30,3,13,175,0,0.39,0.54,0.32,2,-4.19,0.758887191,0.28,490.6584937,372.3544458,118.3040479
89,29700000,1.27,0.27,0.35,3.28,3.93,0,0,0,0,177,0,0.16,0.25,0.21,0.58,-2.57,0.842990581,0.28,451.7005981,380.7793497,70.9212484
90,30300000,2.77,0.29,0.54,6.21,7.81,14,10,0,0,214,0,0.21,0.47,0.19,0.77,-2.19,0.809830603,0.48,1010.668945,818.4706408,192.1983042
91,30400000,2.68,0.18,0.31,6.65,7.85,36,17,0,0,216,0,0.23,0.45,0.18,0.65,-3.1,0.785077301,0.43,979.4955117,768.9796924,210.5158193
92,31700000,1.59,0.42,0.58,3.29,4.14,0,0,0,0,200,0,0.26,0.29,0.29,1.82,-1.46,0.889613679,0.31,579.4845868,515.5174153,63.96717155
93,32450002,2.4,0.03,0.07,9.07,12.75,76,19,17,6,197,0,0.37,0.44,0.34,1.26,-5.36,0.735176323,0.43,821.860636,604.2124806,217.6481554
94,32620000,1.21,0.18,0.28,3.66,5.17,0,7,1,7,199,0,0.32,0.23,0.32,0.89,-2.91,0.829402573,0.26,442.8939219,367.3373585,75.55656337
95,32740000,1.96,0.01,0.02,8.47,12.19,81,27,67,14,196,0,0.39,1.15,0.27,2.1,-6.43,0.717834512,0.38,703.1762731,504.7641967,198.4120764
96,32830000,1.88,0.01,0.05,7.18,9.71,82,40,21,14,199,0,0.36,1.24,0.29,2.01,-5.49,0.73624994,0.37,681.8530004,502.0142305,179.8387699
97,33025000,0.33,0.01,0.03,1.14,1.6,29,86,4,14,181,0,0.61,0.82,0.57,2.8,-3.34,0.808868753,0.09,112.3673428,90.89043244,21.47691036
98,33170000,0.3,0.01,0.02,1.21,2.36,26,33,26,7,185,0,0.46,0.53,0.49,3.27,-3.1,0.782464946,0.07,105.8137756,82.7955702,23.0182054
99,33190000,0.49,0.01,0.03,1.81,2.31,23,113,15,10,196,0,0.35,0.4,0.33,1.51,-4.22,0.779864325,0.12,178.4859102,139.1947939,39.29111625
100,33205000,0.6,0.26,0.29,1.55,2.74,0,0,0,10,173,0,0.22,0.12,0.31,1.55,-1.11,0.878281793,0.18,219.7979982,193.0445799,26.75341825
101,33250000,0.38,0.2,0.22,0.74,1.09,0,0,0,0,179,0,0.18,0.18,0.26,1.25,-0.82,0.91223001,0.12,139.6229495,127.3682446,12.25470494
102,33260000,0.33,0.18,0.19,0.72,0.99,0,0,0,0,180,0,0.21,0.15,0.25,0.88,-0.82,0.910313505,0.1,121.5594229,110.6571843,10.90223861
103,33270000,0.14,0.01,0.01,0.42,0.98,27,33,7,4,176,0,0.51,1.08,0.63,2.29,-2.61,0.808350595,0.04,48.78389829,39.43449319,9.349405101
104,33281000,0.32,0.13,0.14,0.93,1.64,0,0,2,4,182,0,0.34,0.16,0.6,2.17,-1.07,0.881306718,0.09,117.6947882,103.7252075,13.9695807
105,33290000,0.37,0.12,0.13,1.15,1.94,0,0,3,5,188,0,0.37,0.17,0.56,1.38,-1.35,0.863423547,0.1,134.2782854,115.9390334,18.33925197
106,33321000,0.46,0.04,0.05,1.92,4.84,2,8,23,4,167,0,0.51,0.51,0.38,3.12,-2.66,0.796729084,0.13,164.7084672,131.2280262,33.48044097
107,33330000,0.37,0.02,0.02,1.98,4.6,0,0,45,10,169,0,0.85,0.65,0.71,1.76,-3.1,0.792873807,0.11,129.0857329,102.3486965,26.73703644
108,33380000,0.44,0.01,0.02,2.12,3.1,26,37,50,15,192,0,0.53,0.63,0.45,0.98,-4.89,0.746234058,0.12,154.1736159,115.049603,39.12401291
109,33420000,0.25,0,0.13,0.51,0.74,9,31,0,0,176,3,0.23,0.59,0.31,0.01,-1.07,0.878242403,0.07,91.03666982,79.95226366,11.08440616
110,33450000,0.49,0.34,0.37,0.67,0.78,0,0,0,0,182,0,0.12,0.11,0.15,0.04,-0.52,0.955207329,0.14,177.6908237,169.731577,7.959246693
111,33460000,0.41,0.28,0.3,0.59,0.71,0,0,0,0,181,0,0.13,0.11,0.19,-0.16,-0.5,0.949468379,0.12,149.297639,141.7533872,7.544251778
112,33480000,0.32,0.18,0.19,0.54,0.73,0,0,0,0,180,0,0.18,0.16,0.28,-0.14,-0.75,0.929466499,0.09,116.7811899,108.5442037,8.236986154
113,33520000,0.1,0.01,0.01,0.48,1.29,0,0,38,15,178,0,0.78,0.34,0.72,0.18,-2.19,0.79999652,0.03,38.10381661,30.48292068,7.620895928
114,33530000,0.2,0.1,0.11,0.42,0.67,0,0,0,0,183,0,0.22,0.14,0.52,0.81,-0.88,0.908837413,0.06,72.09478646,65.52243919,6.572347271
115,33550000,0.19,0.09,0.09,0.5,0.84,0,0,1,2,182,0,0.32,0.17,0.45,0.33,-1.13,0.890965449,0.05,70.90397808,63.17299464,7.730983444
116,33590000,0.26,0.07,0.08,0.92,1.81,0,0,9,5,185,0,0.46,0.23,0.46,2.52,-1.56,0.85626997,0.07,95.92908771,82.14119701,13.7878907
117,33620000,0.62,0,0.01,3.42,6.03,55,32,74,24,187,0,0.68,1.07,0.49,2.28,-5.11,0.739622602,0.15,217.8097883,161.0970423,56.71274603
118,33630000,0.32,0.06,0.07,1.28,2.37,0,0,19,8,186,0,0.5,0.25,0.5,1.78,-2,0.834907552,0.09,116.9910897,97.67674435,19.31434535
119,33680000,0.4,0.06,0.07,1.81,3.07,0,0,32,13,188,0,0.51,0.27,0.47,3.19,-2.53,0.81412042,0.11,145.0314924,118.0730996,26.95839283
120,33730000,0.62,0,0.01,3.17,5.4,67,33,62,22,196,0,0.74,1.61,0.44,4.2,-6.22,0.738046731,0.14,215.3491806,158.9377587,56.41142188
121,33760000,0.57,0.03,0.06,1.83,3.39,19,33,6,22,205,0,0.69,0.96,0.58,1.16,-3.1,0.818683284,0.13,205.7062329,168.4082542,37.29797867
122,33780000,0.68,0.02,0.04,3,6.19,27,42,35,23,199,0,0.77,0.9,0.66,0.88,-4.16,0.779090048,0.16,248.1346244,193.3192164,54.81540799
123,34020000,0.74,0.44,0.46,1.38,2.12,0,0,0,0,162,0,0.1,0.08,0.29,0.66,-0.86,0.900105133,0.23,268.6814732,241.8415731,26.83990014
124,34060000,0.6,0.34,0.36,1.09,1.68,0,0,0,0,163,0,0.12,0.1,0.31,0.45,-0.89,0.898833781,0.17,219.8893207,197.6439496,22.24537107
125,34090000,0.19,0.11,0.12,0.31,0.4,0,0,0,0,170,0,0.1,0.1,0.27,0.58,-0.92,0.918576887,0.06,69.07173766,63.44770177,5.624035888
126,34130000,0.95,0.51,0.55,1.7,2.52,0,0,0,0,168,0,0.13,0.11,0.33,0.39,-0.91,0.899933661,0.23,346.9272736,312.2115316,34.715742
127,34170000,0.66,0.27,0.32,1.59,2.63,0,0,0,5,166,0,0.21,0.11,0.35,0.62,-1.22,0.872005841,0.18,239.9606049,209.247049,30.71355588
128,34251000,0.05,0,0,0.2,0.33,30,23,11,19,160,0,0.47,0.54,0.53,3.31,-3.42,0.770897122,0.02,19.16934856,14.77759563,4.391752932
129,34270000,0.05,0,0,0.2,0.39,34,15,16,5,166,0,0.49,0.46,0.63,0.81,-3.84,0.772413316,0.02,19.67370256,15.19622984,4.477472723
130,34770000,0.16,0,0,0.95,2.82,32,25,70,9,174,0,1.05,0.8,0.63,2.16,-4.74,0.753736677,0.07,60.1665651,45.34974684,14.81681826
131,34940000,0.69,0,0,4.33,8.19,82,82,81,15,190,0,0.76,1.27,0.48,3.07,-5.07,0.725481477,0.17,249.7078405,181.1584129,68.54942762
132,34980000,0.52,0,0,3.06,6.39,33,83,75,13,192,0,0.78,0.72,0.54,2.37,-3.33,0.765812279,0.14,189.4195221,145.0597958,44.35972627
133,35260000,0.21,0,0,0.87,5.17,111,56,66,12,177,27,1.54,2.94,1.09,2.21,-5.39,0.651357286,0.1,77.5369799,50.50427682,27.03270308
134,36045000,0.05,0,0,0.19,1.38,259,0,365,22,175,71,1.67,      NaN,1.06,7.11,             NaN,0.512522542,0.03,19.20961761,9.845362051,9.364255559
135,36160000,0.11,0,0,0.43,2.66,233,0,365,26,177,64,1.45,      NaN,1.18,4.31,            -Inf,0.553516751,0.05,41.24649423,22.83062548,18.41586875
136,36250000,0.07,0,0,0.29,1.54,129,111,79,13,175,35,1.32,2.24,0.95,2.88,            -Inf,0.662935076,0.03,24.75682708,16.41216904,8.344658042
137,36290000,0.18,0,0,0.93,3.45,99,39,53,10,180,21,1.11,1.65,0.72,5.77,-4.9,0.722523893,0.08,66.24758401,47.86546228,18.38212173
138,36390000,0.15,0,0,0.68,3.17,22,59,40,12,187,4,1.45,0.77,1.06,4.06,-1.95,0.785959088,0.07,55.69651158,43.77517944,11.92133214
139,36580000,0.13,0,0.01,0.23,3.49,13,17,15,10,178,0,1.43,0.64,1.39,0.16,-1.4,0.845397093,0.07,48.76138207,41.22273066,7.538651409
140,37380000,0.16,0.02,0.03,0.35,2.77,2,5,15,11,185,0,1.11,0.49,1.16,1.14,-0.87,0.874759318,0.08,57.11165777,49.95895481,7.152702955
141,37410000,0.19,0,0.02,0.9,3.6,10,18,29,9,184,1,1.19,0.54,0.95,0.83,-1.4,0.810507573,0.09,70.72124208,57.32010228,13.4011398
142,37470000,0.19,0,0.01,0.77,3.53,16,10,35,10,185,0,1.31,0.9,1.2,1.53,-2.59,0.777177486,0.1,67.42255192,52.39928943,15.02326249
143,37515000,0.11,0,0,0.19,2.4,267,0,347,18,162,73,2.28,      NaN,2.34,0.5,             NaN,0.494287952,0.08,38.08663603,18.82576533,19.2608707
144,38170000,0.14,0,0,0.54,2.04,75,30,29,11,192,7,1.36,1.84,1.32,1.29,-4.61,0.774676776,0.09,51.18013757,39.64806397,11.5320736
145,38485000,0.07,0,0,0.27,0.99,90,24,61,12,224,13,1.04,4.22,1.48,0.31,-5.91,0.690869401,0.04,24.02101523,16.5953844,7.425630826
146,38650000,0.1,0,0,0.21,1.65,201,0,356,30,212,55,2.66,      NaN,2.59,-0.05,            -Inf,0.637496776,0.06,36.58390649,23.32212243,13.26178406
147,38830000,0.08,0,0,0.24,1.51,229,0,359,26,160,63,1.47,      NaN,1.47,0.25,            -Inf,0.543468101,0.06,27.44488675,14.91542048,12.52946627
148,38850000,0.08,0,0,0.17,1.81,273,0,351,18,168,75,1.31,      NaN,1.37,4.32,             NaN,0.477269804,0.06,26.39249466,12.59634075,13.79615391
149,38860000,0.06,0,0,0.09,1.11,68,32,27,13,209,14,2.71,1.41,2.32,0.93,-3.48,0.768045153,0.05,22.37867851,17.18783555,5.190842957
150,38895000,0.1,0,0,0.39,1.6,80,35,56,12,226,6,1.54,2.62,1.42,0.31,-5.16,0.749019907,0.07,35.87654435,26.8722459,9.004298452
151,39084010,0.4,0,0,1.66,6.53,86,22,42,7,261,4,0.71,1.92,0.71,3.53,-5.24,0.706520978,0.18,141.8713134,100.2350591,41.63625425
152,39185000,0.17,0,0.01,0.69,2.23,20,12,19,6,240,4,0.67,0.97,0.93,0.86,-1.57,0.796938131,0.1,60.01972645,47.83200863,12.18771782
153,39360000,0.22,0.02,0.03,0.76,1.92,4,9,15,5,245,0,0.51,0.41,0.86,2.33,-2.72,0.788931472,0.11,81.18254082,64.04746142,17.1350794
154,39540000,0.11,0,0,0.4,1.64,140,39,51,9,252,29,0.92,3.81,1.28,2.19,-13.38,0.633663137,0.06,41.13359832,26.06484494,15.06875338
155,39560000,0.52,0.07,0.11,1.51,3.21,3,3,5,6,251,0,0.33,0.4,0.74,1.05,-2.25,0.81085984,0.22,191.5981166,155.3592183,36.23889834
156,39770000,0.74,0.05,0.1,2.26,6.09,10,10,10,4,255,0,0.35,0.53,0.82,1.46,-2.52,0.7959709,0.28,270.991888,215.701657,55.29023103
157,39980000,0.48,0,0.04,1.36,4.23,21,12,8,5,245,2,0.63,1.51,0.86,2.9,-2.34,0.815758397,0.19,165.3961677,134.9233126,30.47285508
158,40070000,1.63,0.34,0.42,4.92,6.81,0,0,2,5,141,0,0.32,0.2,0.5,-0.23,-2.25,0.829552076,0.39,595.4193397,493.9313496,101.4879901
159,40100000,1.47,0.29,0.36,4.47,6.16,0,0,1,5,142,0,0.33,0.2,0.57,-0.36,-2.31,0.824871566,0.36,538.4126033,444.1212475,94.2913558
160,41650002,1.06,0.27,0.34,3.08,5.96,0,0,4,5,130,0,0.28,0.18,0.39,-0.29,-1.72,0.841148812,0.3,387.6096955,326.0374351,61.57226042
161,41818000,1.04,0.22,0.27,3.31,6.19,0,0,6,5,125,0,0.28,0.23,0.31,1.69,-2.09,0.823797336,0.29,378.3054693,311.6470379,66.65843141
162,41990000,0.98,0.16,0.19,3.38,6.8,0,0,10,5,122,0,0.31,0.23,0.34,1.67,-2.4,0.808381771,0.29,358.8263309,290.0686647,68.75766618
163,42210000,0.99,0.34,0.46,2.61,3.92,0,0,0,5,141,0,0.28,0.17,0.41,0.75,-1.05,0.873758763,0.28,362.8991343,317.0862987,45.81283557
164,42395000,1.1,0.17,0.22,3.88,5.74,0,0,5,5,137,0,0.35,0.35,0.27,1.43,-2.3,0.816998953,0.28,400.4214112,327.1438735,73.27753766
165,42690001,0.98,0.12,0.18,3.16,4.63,3,9,2,6,140,0,0.36,0.39,0.38,1.8,-2.35,0.81409373,0.26,356.8443816,290.5047735,66.33960807
166,42980000,0.98,0.12,0.19,3.36,4.84,2,8,3,5,136,0,0.37,0.37,0.32,1.1,-2.43,0.812141765,0.27,357.9154651,290.6780974,67.23736767
167,43200000,0.94,0.26,0.38,2.64,3.78,0,0,0,0,140,0,0.29,0.18,0.33,0.64,-1.36,0.860028325,0.26,342.8970374,294.9011647,47.99587274
168,43429998,1,0.09,0.14,3.6,5.11,8,14,5,9,135,0,0.35,0.42,0.21,2.23,-2.87,0.78965699,0.27,363.4958414,287.037032,76.4588094
169,43670000,0.89,0.09,0.13,2.94,4.81,9,18,4,9,134,0,0.35,0.42,0.33,1.31,-2.83,0.790744818,0.25,325.1685636,257.1253567,68.04320687
170,43880000,0.85,0.08,0.12,2.87,4.26,9,15,3,8,133,0,0.35,0.44,0.27,1.54,-2.79,0.790035943,0.24,312.163204,246.6201512,65.54305279
171,44200000,0.9,0.25,0.35,2.62,3.82,0,0,1,8,139,0,0.31,0.19,0.45,1.01,-1.44,0.856453886,0.25,330.4184706,282.9881833,47.43028734
172,44250000,0.58,0.24,0.27,1.29,2.07,0,0,0,0,151,0,0.3,0.29,0.38,0.78,-1.18,0.886319817,0.19,213.353962,189.0998446,24.25411737
173,44290002,0.9,0.28,0.37,2.49,3.53,0,0,0,6,141,0,0.29,0.17,0.36,0.8,-1.38,0.86376324,0.25,326.9954918,282.4466855,44.54880628
174,44500000,0.83,0.23,0.32,2.33,3.25,0,0,0,0,141,0,0.29,0.17,0.32,0.73,-1.61,0.856041142,0.24,303.2401455,259.5860403,43.65410519
175,44540000,0.25,0.11,0.12,0.53,1.57,0,0,4,5,138,0,0.26,0.2,0.69,0.41,-0.78,0.87620355,0.1,91.27857927,79.97861516,11.29996411
176,44670000,0.1,0,0,0.32,1.26,62,33,26,21,129,0,0.73,1.62,1.13,1.92,-3.71,0.737652983,0.04,36.31813914,26.79018366,9.527955482
177,45210000,0.86,0.49,0.53,1.46,2.14,0,0,0,0,161,0,0.19,0.17,0.35,0.32,-0.74,0.917122279,0.28,312.7871859,286.8640967,25.92308916
178,45260000,0.72,0.4,0.44,1.24,1.83,0,0,0,0,160,0,0.2,0.18,0.33,0.43,-0.78,0.917192109,0.24,261.5998127,239.937284,21.66252874
179,45298000,0.72,0.23,0.3,1.96,2.76,0,0,0,0,143,0,0.28,0.16,0.33,0.94,-1.48,0.862540544,0.22,261.984382,225.9721514,36.01223061
180,45480000,0.69,0.19,0.27,1.81,2.44,0,0,0,0,144,0,0.28,0.22,0.34,0.66,-1.55,0.861079241,0.21,251.0950043,216.2126956,34.88230869
181,45910001,0.59,0.36,0.39,0.91,1.21,0,0,0,0,165,0,0.16,0.16,0.33,0.54,-0.62,0.931413859,0.2,214.2404952,199.5465664,14.6939288
182,45960001,0.57,0.33,0.37,0.89,1.24,0,0,0,0,164,0,0.15,0.17,0.3,0.52,-0.65,0.929222011,0.19,207.8849207,193.171244,14.71367666
183,46035000,0.66,0.23,0.29,1.65,2.13,0,0,0,0,147,0,0.25,0.18,0.3,0.74,-1.44,0.870291802,0.21,242.6852108,211.2069495,31.4782613
184,46105000,0.64,0.21,0.28,1.62,2.16,0,0,0,0,147,0,0.27,0.19,0.32,0.13,-1.42,0.871690593,0.2,234.6003543,204.4989219,30.1014324
185,46150000,0.62,0.22,0.27,1.6,2.24,0,0,0,0,148,0,0.28,0.17,0.38,0.28,-1.43,0.87081312,0.2,227.9731304,198.5219929,29.45113754
186,46360000,0.59,0.21,0.26,1.5,2.08,0,0,0,0,149,0,0.28,0.16,0.38,0.55,-1.48,0.869355615,0.19,217.1444614,188.7757569,28.36870454
187,46550000,0.39,0.2,0.23,0.62,0.91,0,0,0,0,162,0,0.17,0.2,0.36,-0.01,-0.8,0.918933232,0.13,141.1060338,129.6670238,11.43901005
188,46610000,0.47,0.25,0.29,0.74,0.85,0,0,0,0,165,0,0.14,0.17,0.14,0.47,-0.75,0.922947078,0.15,171.8081157,158.5697984,13.23831727
189,46650000,0.43,0.22,0.26,0.7,0.84,0,0,0,0,164,0,0.14,0.16,0.22,0.48,-0.81,0.919449253,0.14,157.0979999,144.4436386,12.65436126
190,46675000,0.38,0.21,0.23,0.6,0.72,0,0,0,0,167,0,0.13,0.16,0.22,0.28,-0.75,0.922494499,0.13,138.6749037,127.9268358,10.74806786
191,46790000,0.58,0.39,0.41,0.87,1.13,0,0,0,0,165,0,0.09,0.09,0.17,0.26,-0.62,0.926834897,0.18,210.4401655,195.0432892,15.39687629
192,46830000,0.44,0.3,0.32,0.65,0.88,0,0,0,0,169,0,0.08,0.09,0.24,0.02,-0.53,0.930805771,0.14,162.3149925,151.0837317,11.23126076
193,46870000,0.39,0.26,0.28,0.61,0.86,0,0,0,0,167,0,0.08,0.08,0.26,0.23,-0.56,0.925688341,0.13,142.5228425,131.9317336,10.59110889
194,46902000,0.34,0.2,0.22,0.52,0.63,0,0,0,0,168,0,0.11,0.13,0.26,0.35,-0.78,0.929595966,0.12,124.3335362,115.5799536,8.753582572
195,48020000,0.38,0.17,0.21,0.79,1.2,0,0,0,0,173,0,0.29,0.23,0.47,0.32,-0.61,0.898398974,0.14,137.2035209,123.2635025,13.94001845
196,48290000,0.35,0.16,0.19,0.74,1.16,0,0,0,0,174,0,0.3,0.24,0.52,0.33,-0.58,0.902357848,0.13,129.2640878,116.6424641,12.6216237
197,48590000,0.33,0.15,0.19,0.69,1.01,0,0,0,0,175,0,0.27,0.23,0.41,0.15,-0.56,0.901341769,0.12,122.2499126,110.1889525,12.06096007
198,49330000,0.3,0.14,0.17,0.69,1.1,0,0,0,0,168,0,0.33,0.2,0.64,0.28,-0.63,0.902106714,0.12,110.9880293,100.1230465,10.86498284
199,49370000,0.31,0.15,0.18,0.66,0.98,0,0,0,0,169,0,0.27,0.18,0.59,0.02,-0.55,0.911893471,0.12,113.4277585,103.4340324,9.993726057
200,49660000,0.31,0.15,0.18,0.67,1.03,0,0,0,0,169,0,0.28,0.17,0.58,0.33,-0.56,0.906076043,0.12,111.7849466,101.285662,10.49928457
201,49705000,0.29,0.11,0.18,0.64,0.91,0,0,0,0,171,0,0.26,0.19,0.53,0.53,-0.55,0.913646848,0.11,105.4878032,96.37859893,9.109204274
202,50191000,0.08,0,0,0.3,1.02,29,12,30,5,208,0,0.68,1.03,1.22,4.48,-3.07,0.792540934,0.05,27.91420771,22.12315224,5.791055469
203,50250000,0.08,0,0,0.36,1.45,98,23,71,7,222,10,0.96,2.18,0.65,2.92,-6.76,0.692911102,0.04,28.61008707,19.82424696,8.785840114
204,50290000,0.23,0.01,0.02,0.8,3.44,18,10,21,6,236,0,0.83,0.66,0.73,0.46,-2.77,0.772625482,0.1,80.22686377,61.98531928,18.24154449
205,50420000,0.13,0,0,0.39,1.39,54,10,19,6,199,2,0.82,1.31,1.66,3.29,-3.82,0.732613906,0.06,45.8223683,33.57010424,12.25226406
206,50465000,0.08,0,0,0.29,1.11,37,25,25,7,202,5,0.72,0.93,0.81,3.36,-3.44,0.73860671,0.04,29.44803291,21.75051471,7.6975182
207,50520000,0.05,0,0,0.16,0.83,75,20,25,7,177,4,1,2.33,1.06,0.94,-4.51,0.699999209,0.03,18.34027583,12.83817858,5.502097247
208,50540000,0.05,0,0,0.15,0.69,23,18,18,7,165,0,0.73,0.84,0.89,2.68,-3.25,0.783662621,0.03,16.57354675,12.98806909,3.585477663
209,50595000,0.05,0.01,0.01,0.19,0.63,1,9,13,7,188,0,0.62,0.4,0.77,1.03,-2.37,0.807902066,0.03,19.61382237,15.84604761,3.767774765
210,50620000,0.06,0.01,0.02,0.13,0.48,0,0,6,6,189,0,0.58,0.28,1.52,3.83,-0.81,0.870138846,0.03,21.70418366,18.88565333,2.818530327
211,50660000,0.19,0.02,0.03,0.64,1.4,3,15,8,6,223,0,0.47,0.57,0.66,1.37,-1.93,0.799621339,0.09,67.45889266,53.94157011,13.51732255
212,50720000,0.07,0,0,0.21,0.99,47,10,30,6,190,2,1.02,1.88,1.02,0.5,-3.38,0.733901456,0.03,25.10798798,18.42678894,6.681199041
213,50730000,0.1,0,0,0.38,1.42,107,17,37,8,202,14,0.77,2.55,0.93,1.82,-6.39,0.637920628,0.04,34.26571198,21.85880451,12.40690747
214,50740000,0.34,0,0,1.4,4.94,60,23,26,6,222,7,0.64,1.66,0.59,-0.86,-3.4,0.759468964,0.14,123.2808586,93.62798594,29.65287266
215,51120000,0.58,0.02,0.04,2.36,6.51,22,10,24,5,142,0,0.45,0.77,0.44,3.67,-2.97,0.744090696,0.24,212.1918457,157.8899781,54.30186756
216,51140000,0.14,0.02,0.02,0.49,1.37,0,1,14,5,158,0,0.49,0.35,0.81,1.29,-2.3,0.790844289,0.07,50.92875344,40.27671379,10.65203965
217,51170000,0.09,0.01,0.02,0.2,0.37,10,5,2,5,178,0,0.42,0.76,0.9,-0.06,-1.9,0.809465012,0.04,32.41210224,26.23646272,6.175639522
218,51190000,0.21,0.01,0.02,0.74,1.73,18,11,12,5,153,0,0.52,0.65,0.63,4.2,-2.78,0.748524722,0.1,74.06896385,55.44245056,18.62651329
219,51230000,0.58,0,0.01,2.64,8.46,50,20,37,6,137,0,0.59,0.98,0.52,0.64,-3.53,0.722677265,0.24,210.2758121,151.9615488,58.31426328
220,51240000,0.28,0.02,0.03,1.02,2.25,10,15,13,6,150,0,0.43,0.51,0.54,1.08,-2.77,0.7526217,0.13,101.4449222,76.34964979,25.09527241
221,51280000,0.21,0.01,0.02,0.77,1.98,19,15,17,6,148,0,0.52,0.64,0.68,0.58,-2.88,0.743461666,0.1,76.51619245,56.88685594,19.62933651
222,51330000,0.14,0,0,0.56,1.41,52,18,20,7,148,0,0.53,1.23,0.56,0.8,-3.49,0.713841256,0.07,52.75316053,37.65738236,15.09577817
223,51430000,0.02,0,0,0.04,0.38,47,26,40,6,134,7,1.28,1.54,1.2,-0.01,-5.04,0.756543822,0.01,7.081498762,5.357464135,1.724034627
224,51440000,0.04,0,0,0.09,0.76,27,19,41,8,131,1,1.19,1.16,1.19,2.16,-3.85,0.780965857,0.02,14.38273418,11.23242433,3.150309853
225,51560000,0.43,0.03,0.05,1.38,3.57,15,7,10,4,224,0,0.26,0.78,0.58,0.43,-1.85,0.767987774,0.14,156.652994,120.3075842,36.34540981
226,51795000,1.19,0.12,0.26,2.81,4.45,10,6,0,4,211,0,0.32,0.69,0.5,0.98,-1.76,0.796961641,0.34,428.5938528,341.5728602,87.02099261
227,54010005,0.95,0.12,0.15,3.56,7.88,0,1,19,5,115,0,0.3,0.28,0.46,1.43,-2.73,0.799413196,0.31,348.4805921,278.579984,69.90060813
228,54110002,0.54,0.01,0.02,2.28,4.6,51,17,23,5,115,0,0.49,1.32,0.39,0.89,-3.75,0.772991577,0.19,197.1231459,152.3745315,44.74861443
229,54150000,0.74,0.03,0.09,2.62,6.47,8,19,13,5,120,0,0.42,0.55,0.66,1.78,-2.71,0.797718754,0.25,268.5433514,214.2220678,54.32128359
230,54165000,0.29,0.01,0.01,1.22,3.44,39,13,27,5,113,0,0.65,1.43,0.55,1.82,-3.68,0.786562793,0.12,105.9026408,83.2990769,22.6035639
231,54195000,0.55,0.05,0.08,1.86,4.55,5,12,12,5,119,0,0.41,0.62,0.53,0.12,-2.27,0.80157574,0.2,200.7066131,160.8815518,39.82506128
232,54230000,0.89,0.16,0.21,2.92,6.58,0,0,9,4,121,0,0.4,0.35,0.59,-0.4,-1.84,0.833925779,0.29,325.4872403,271.4322003,54.05503996
233,54260000,0.74,0.13,0.16,2.37,5.43,0,0,8,5,121,0,0.4,0.45,0.4,-0.07,-2.06,0.827945684,0.25,269.0024043,222.7193796,46.28302468
234,54300000,0.55,0.06,0.1,1.79,4.64,2,4,9,4,120,0,0.43,0.57,0.53,-0.59,-2.22,0.829428212,0.18,193.0226233,160.0984093,32.92421405
235,54390000,0.61,0.09,0.12,1.99,4.76,0,1,10,5,117,0,0.42,0.53,0.61,0.12,-2.13,0.824378751,0.21,224.1870975,184.8150795,39.37201801
236,54500000,0.48,0.07,0.1,1.55,3.44,1,5,8,5,118,0,0.41,0.58,0.58,-0.85,-2.16,0.828428145,0.17,175.6924899,145.5486034,30.14388648
237,54580000,0.47,0.05,0.07,1.58,3.87,3,8,9,5,118,0,0.41,0.62,0.58,-0.48,-2.02,0.812014409,0.18,173.3612503,140.7718332,32.58941706
238,54590000,0.3,0.03,0.05,0.92,2.24,6,10,8,4,117,0,0.51,0.66,0.61,0.28,-2.33,0.814262847,0.12,105.4237134,85.84261306,19.58110034
239,54710000,0.48,0.05,0.08,1.6,3.95,1,12,11,5,118,0,0.48,0.54,0.71,0.1,-2.03,0.816724196,0.18,175.3145527,143.1836371,32.13091563
240,54770000,0.18,0,0.01,0.62,1.9,32,15,18,5,118,1,0.63,1.26,0.79,-0.29,-2.97,0.783291148,0.07,64.09762193,50.20709985,13.89052208
241,54780000,0.45,0.05,0.07,1.52,3.54,3,13,11,5,119,0,0.42,0.53,0.6,0.14,-1.93,0.816969612,0.17,164.3132442,134.2389273,30.0743169
242,54950000,0.44,0.05,0.06,1.46,2.94,2,15,8,5,128,0,0.47,0.5,0.51,-0.09,-2.36,0.808011077,0.17,149.7692323,121.0151987,28.75403364
243,55340000,0.86,0.16,0.24,2.31,4.82,1,7,2,5,149,0,0.37,0.39,0.45,0.14,-1.53,0.819790562,0.29,312.5423803,256.2192935,56.32308682
244,55360000,1.33,0.24,0.42,3.3,5.11,2,4,0,0,164,0,0.3,0.46,0.24,0.48,-1.47,0.815266205,0.43,484.4141975,394.9265243,89.4876732
245,55370000,1.12,0.17,0.3,2.84,5.54,4,7,1,4,160,0,0.4,0.51,0.42,0.27,-1.75,0.807187755,0.36,404.5013718,326.5085542,77.99281758
246,55380000,1.09,0.24,0.33,2.83,4.79,0,0,0,2,160,0,0.37,0.39,0.42,0.62,-1.55,0.819726634,0.35,389.8034506,319.5322706,70.27118003
247,55460000,0.56,0.06,0.12,1.63,3.15,7,15,2,2,139,0,0.33,0.54,0.34,0.7,-1.7,0.789321374,0.21,202.6915875,159.9888024,42.70278513
248,55490000,0.62,0.1,0.16,1.77,3.13,3,16,1,3,146,0,0.34,0.51,0.42,0.43,-1.68,0.806742248,0.22,209.8161479,169.2675508,40.54859705
249,55510000,0.53,0.08,0.12,1.2,2.24,7,16,0,0,155,0,0.48,0.55,0.48,-0.1,-1.76,0.846280867,0.18,192.8965751,163.2446808,29.6518943
250,55520001,0.52,0.08,0.12,1.46,2.57,3,15,1,1,134,0,0.43,0.62,0.32,0.21,-1.94,0.839577234,0.17,191.3110182,160.6203755,30.69064271
251,55560000,0.78,0.11,0.16,2.19,4.51,3,11,3,6,133,0,0.45,0.56,0.53,0.69,-1.9,0.814900177,0.25,285.4290809,232.5962087,52.83287224
252,55610000,0.53,0.04,0.07,1.67,4.11,12,12,8,7,118,0,0.5,0.8,0.61,0.05,-2.35,0.802344265,0.17,195.178504,156.6003533,38.57815066
253,55630000,0.66,0.07,0.12,1.92,4.18,7,14,4,5,129,0,0.46,0.64,0.5,0.5,-2.27,0.809736601,0.21,240.7088055,194.91073,45.79807554
254,55660000,0.75,0.06,0.12,2.23,4.58,12,10,4,3,133,0,0.45,0.68,0.58,1.03,-1.91,0.792847049,0.27,273.6494527,216.9621611,56.68729164
255,55699998,0.58,0.07,0.11,1.65,4.01,5,12,5,5,129,0,0.48,0.54,0.61,0.38,-2.06,0.81210445,0.19,210.1500604,170.6637993,39.48626113
256,55790000,1.05,0.06,0.13,3.88,9.01,11,8,13,3,110,0,0.43,0.82,0.42,0.66,-2.33,0.797210719,0.35,382.7171508,305.1062148,77.61093597
257,55850000,0.55,0.02,0.07,1.77,3.86,14,20,7,3,119,0,0.49,0.78,0.63,0.7,-2.95,0.790790083,0.19,185.373115,146.5912209,38.78189408
258,55900000,1.02,0.11,0.18,3.12,6.63,7,10,6,2,131,0,0.63,0.87,0.41,0.54,-2.2,0.830118678,0.34,373.7107304,310.2242573,63.48647307
259,55920000,0.73,0.04,0.1,2.39,5.27,10,16,8,3,123,0,0.47,0.64,0.44,0.94,-2.61,0.806430964,0.25,263.87712,212.7986802,51.07843979
260,55960000,0.57,0.04,0.09,1.6,3.03,12,18,3,3,131,0,0.44,0.7,0.59,0.41,-2.6,0.814931147,0.2,207.4175596,169.0310298,38.38652975
261,56028000,1.39,0.42,0.51,3.46,5.64,0,0,1,3,138,0,0.22,0.21,0.55,0.07,-1.58,0.847439022,0.34,505.9770882,428.7847289,77.19235926
262,56055000,1.65,0.47,0.62,4.05,7,0,0,0,3,140,0,0.2,0.22,0.3,-0.07,-1.37,0.851678427,0.39,602.1507458,512.8387998,89.31194603
263,56065000,1.54,0.51,0.66,3.79,7,0,0,1,3,138,0,0.22,0.21,0.33,-0.03,-1.12,0.865137492,0.37,546.103546,472.454652,73.64889405
264,56075000,1.49,0.47,0.59,3.45,5.36,0,0,0,3,143,0,0.21,0.19,0.36,0.31,-1.41,0.855202315,0.35,541.0491611,462.7064952,78.34266593
265,56085000,1.04,0.35,0.43,2.43,5.41,0,0,2,2,139,0,0.27,0.19,0.54,0.83,-1.14,0.862176867,0.28,377.0182017,325.0563719,51.96182979
266,56090000,1.06,0.46,0.52,2.44,4.1,0,0,0,2,146,0,0.23,0.16,0.27,-0.04,-1.04,0.87995784,0.28,378.8398934,333.3631344,45.47675902
267,56240000,1.84,0.7,0.8,4.08,7.68,0,0,1,2,146,0,0.25,0.18,0.59,0.33,-1.14,0.864247328,0.42,670.5911853,579.5566403,91.03454502
268,56335001,1.89,0.75,0.87,4.21,7.94,0,0,1,2,145,0,0.22,0.18,0.49,0.37,-1.15,0.869177234,0.43,688.092238,598.074108,90.01813002
269,56385000,1.38,0.4,0.51,3.54,6.18,0,0,1,2,140,0,0.28,0.21,0.36,0.77,-1.57,0.854748843,0.34,504.3105298,431.058842,73.25168782
270,56415000,1.17,0.31,0.41,3.03,5.51,0,0,1,2,137,0,0.29,0.23,0.57,-0.1,-1.38,0.850061005,0.31,425.5153604,361.714015,63.80134538
271,56484998,1.18,0.23,0.32,3.18,5.89,1,3,2,2,133,0,0.32,0.31,0.68,0.01,-1.72,0.826335794,0.33,420.0612321,347.1116317,72.94960038
272,56539000,1.2,0.41,0.49,2.86,4.45,0,0,0,2,141,0,0.24,0.18,0.4,0.11,-1.5,0.85959472,0.3,433.1229639,372.3102127,60.81275115
273,56570000,0.91,0.24,0.3,2.36,5.11,0,0,3,2,134,0,0.33,0.26,0.48,-0.01,-1.46,0.848019659,0.27,333.0503579,282.4332509,50.61710695
274,56610000,1.84,0.46,0.56,5.07,10.31,0,0,3,2,132,0,0.27,0.23,0.44,0.41,-1.7,0.83858891,0.43,668.4182032,560.5280928,107.8901104
275,56640000,2.63,0.67,0.81,8,18.05,0,0,6,2,122,0,0.23,0.18,0.47,0.03,-1.69,0.840580166,0.6,950.1489664,798.6763764,151.47259
276,56775000,1.72,0.29,0.37,5.61,12.06,0,0,8,3,124,0,0.41,0.28,0.53,0.75,-2.1,0.820306221,0.43,625.1514554,512.8156281,112.3358273
277,56800000,1,0.25,0.29,2.81,5.27,0,0,2,3,132,0,0.35,0.35,0.43,0.59,-1.86,0.83709697,0.28,362.8627998,303.7513502,59.1114496
278,56825000,1.31,0.32,0.44,3.58,6.82,0,3,2,3,135,0,0.27,0.32,0.32,0.34,-1.48,0.835490853,0.34,476.2373248,397.8919285,78.3453963
279,56845000,0.92,0.2,0.26,2.47,4.28,0,0,1,3,132,0,0.32,0.35,0.48,0.92,-1.87,0.83586082,0.26,335.1254055,280.1181962,55.00720934
280,56846000,1.07,0.34,0.42,2.51,3.76,0,0,0,0,150,0,0.32,0.24,0.47,-0.1,-1.37,0.878298858,0.29,376.4256452,330.6142144,45.81143077
281,56850000,1.19,0.36,0.44,3,4.74,0,0,0,3,137,0,0.26,0.21,0.41,-0.16,-1.49,0.854202512,0.31,431.7050434,368.7635324,62.94151097
282,56860000,0.84,0.24,0.29,2.05,3.98,0,0,1,2,137,0,0.32,0.31,0.45,0.33,-1.7,0.854824656,0.25,305.1026668,260.8092821,44.29338468
283,56870000,0.88,0.15,0.2,2.34,5.01,1,6,2,2,128,0,0.38,0.6,0.45,0.83,-1.98,0.835416267,0.27,319.2684662,266.7220702,52.546396
284,56891900,0.67,0.12,0.17,1.92,3.73,0,0,3,3,128,0,0.44,0.47,0.47,-0.11,-1.94,0.842237146,0.21,242.5004745,204.2429076,38.25756687
285,56920000,1.09,0.34,0.42,2.76,4.38,0,0,0,3,138,0,0.27,0.2,0.41,0.27,-1.38,0.859653549,0.3,395.8738257,340.3143391,55.55948665
286,56940002,0.8,0.15,0.2,2.29,5.46,0,0,5,3,126,0,0.4,0.36,0.68,0.24,-1.67,0.837334711,0.24,287.3566973,240.6137371,46.74296021
287,56976000,1.46,0.31,0.41,4.02,7.14,0,0,2,3,134,0,0.35,0.29,0.42,0.44,-1.92,0.840038732,0.4,533.1657856,447.8799104,85.28587518
288,56983000,1.55,0.32,0.43,4.54,7.21,0,0,1,2,127,0,0.26,0.27,0.2,-0.01,-1.99,0.836317117,0.43,564.0286726,471.7068332,92.32183937
289,56990000,1,0.21,0.28,2.8,4.56,0,0,1,3,132,0,0.34,0.3,0.4,0.23,-1.8,0.842382035,0.3,362.8766079,305.6807354,57.19587253
290,56990990,1.29,0.38,0.46,3.34,7.5,0,0,3,2,130,0,0.27,0.26,0.57,0.27,-1.43,0.859508522,0.37,457.9142942,393.5812381,64.33305606
291,56991500,1.1,0.28,0.36,2.84,5.92,0,0,2,2,133,0,0.3,0.28,0.62,0.17,-1.53,0.854596858,0.33,401.4420415,343.0711074,58.37093414
292,56992000,0.87,0.2,0.25,2.23,5.79,0,0,4,2,131,0,0.34,0.3,0.45,0.32,-1.63,0.849370241,0.27,316.5514831,268.8694095,47.68207363
293,56993551,0.75,0.04,0.1,2.44,6.19,12,12,10,3,119,0,0.43,0.6,0.4,1.42,-2.29,0.807498854,0.25,265.8569135,214.679153,51.17776046
294,56995500,1.01,0.04,0.11,3.28,7.65,17,16,10,3,119,0,0.48,0.68,0.6,2.17,-2.72,0.800506174,0.32,360.6586965,288.7095134,71.94918311
295,57130000,1.15,0.09,0.21,3.22,6.32,9,4,3,2,130,0,0.37,0.75,0.32,1.53,-2.1,0.813186611,0.33,420.2001782,341.7011589,78.49901928
296,57170000,1.15,0.41,0.48,2.62,4.37,0,0,0,2,145,0,0.24,0.22,0.32,0.91,-1.27,0.858082417,0.28,421.6414925,361.8031508,59.83834165
297,57250000,2.24,0.85,1.01,4.77,7.41,0,0,0,2,156,0,0.27,0.22,0.35,1.16,-1.23,0.872337935,0.48,819.5655941,714.9381577,104.6274364
298,57300000,2.05,0.43,0.63,5.37,11.05,0,3,2,2,139,0,0.32,0.36,0.46,1.2,-1.49,0.835570758,0.51,748.6449392,625.5458195,123.0991197
299,57320000,2.63,0.44,0.71,6.89,14.67,2,4,3,2,140,0,0.38,0.39,0.61,1.8,-1.69,0.837469485,0.59,959.196133,803.2974917,155.8986413
300,57350000,1.82,0.31,0.43,5.37,10.24,0,2,3,2,129,0,0.29,0.32,0.41,0.58,-1.7,0.819148664,0.52,664.4333289,544.2696735,120.1636554
301,57360000,1.58,0.51,0.62,4.02,7.68,0,0,2,2,137,0,0.28,0.17,0.4,-0.1,-1.34,0.86244466,0.45,575.6355229,496.4537826,79.18174026
302,57370000,1.58,0.48,0.56,4.1,8.12,0,0,2,2,136,0,0.3,0.19,0.47,0.79,-1.49,0.856092103,0.45,576.255903,493.3281278,82.92777519
303,57400000,1.52,0.4,0.48,4.04,7.25,0,0,1,2,135,0,0.28,0.26,0.36,0.39,-1.67,0.840598691,0.4,554.518278,466.1273387,88.39093934
304,57420000,3.2,0.46,0.61,11.11,23.21,0,2,12,2,111,0,0.28,0.19,0.36,0.68,-2.47,0.799181983,0.79,1166.987399,932.6353031,234.3520959
305,57450000,1.71,0.38,0.47,4.99,9.94,0,0,4,2,127,0,0.32,0.21,0.49,0.86,-1.85,0.826969772,0.43,623.0450067,515.2393869,107.8056198
306,57490000,1.32,0.21,0.33,4.02,7.37,1,3,3,2,133,0,0.33,0.44,0.36,0.78,-1.92,0.821495094,0.34,480.9861938,395.1277987,85.85839513
307,57550000,1.36,0.29,0.38,3.92,7.33,0,0,2,2,136,0,0.32,0.26,0.32,0.72,-1.75,0.823883282,0.33,497.3794925,409.7826488,87.59684365
308,57580000,1.41,0.3,0.37,4.17,6.92,0,0,1,2,129,0,0.32,0.24,0.24,0.96,-2.02,0.823177473,0.35,513.5418401,422.7360741,90.80576604
309,57700000,1.35,0.36,0.46,3.78,7.08,0,9,3,2,132,0,0.35,0.25,0.46,0.81,-1.7,0.845062514,0.35,491.7967424,415.5989915,76.1977509
310,57720000,2.06,0.39,0.49,6.22,12.49,0,0,5,2,128,0,0.32,0.22,0.53,0.28,-2.13,0.805729715,0.51,751.281048,605.3294647,145.9515833
311,57740000,2.23,0.53,0.72,6.74,11.7,0,2,3,2,133,0,0.31,0.38,0.36,0.09,-1.52,0.819698454,0.54,814.654866,667.771334,146.883532
312,57770000,1.27,0.19,0.32,3.72,9.24,3,9,6,2,136,0,0.41,0.44,0.54,-0.39,-1.87,0.827675726,0.29,464.3709269,384.3485443,80.02238264
313,57830000,1.45,0.31,0.41,4.17,8.09,0,0,3,2,131,0,0.35,0.22,0.47,0.32,-1.82,0.821729696,0.35,529.3728366,435.0013801,94.37145645
314,57930000,1.4,0.34,0.41,4.08,6.76,0,0,2,2,132,0,0.37,0.2,0.46,0.34,-1.86,0.827884054,0.34,510.5323989,422.6616321,87.87076682
315,58030000,1.51,0.61,0.7,3.36,5.07,0,0,0,0,158,0,0.21,0.16,0.22,-0.12,-1.14,0.871547052,0.34,552.0476698,481.1355191,70.91215074
316,58060000,2.59,0.89,1.1,5.57,9.63,0,0,1,1,158,0,0.23,0.19,1.19,0.1,-1.31,0.863558384,0.41,941.7194342,813.2297129,128.4897213
317,58099000,1.4,0.6,0.65,2.54,2.91,0,0,0,0,203,0,0.25,0.14,0.23,-0.37,-1.96,0.868081098,0.3,468.8426135,406.9934109,61.84920262
318,58142200,1.97,0.67,0.83,4.49,6.69,0,0,0,0,158,0,0.23,0.25,0.24,0.16,-1.25,0.854489224,0.44,718.8584854,614.2568294,104.601656
319,58183000,1.42,0.64,0.74,2.5,3.71,0,0,0,0,176,0,0.22,0.2,0.32,-0.17,-0.82,0.866711776,0.32,517.330379,448.3763314,68.95404762
320,58204000,1.42,0.56,0.74,2.5,3.7,0,0,0,0,175,0,0.21,0.22,0.3,0.14,-0.75,0.863310188,0.32,520.2195327,449.1108228,71.10870991
321,58220000,1.35,0.46,0.56,3.19,6.24,0,0,1,1,156,0,0.25,0.2,0.36,0.49,-1.24,0.863800965,0.3,492.8185395,425.6971302,67.12140932
322,58258000,3.29,0.57,0.92,8.24,14.75,1,3,3,1,145,0,0.24,0.29,0.72,0.2,-1.69,0.821970162,0.56,1200.465134,986.7465209,213.7186131
323,58270000,1.88,0.51,0.71,4.39,8.49,0,2,1,1,157,0,0.26,0.34,0.34,0.04,-1.26,0.848120793,0.41,684.418206,580.4693116,103.9488944
324,58380001,0.7,0.23,0.28,1.98,2.81,0,0,0,1,153,0,0.34,0.22,0.3,-0.02,-1.24,0.844611584,0.15,254.5372554,214.9851145,39.55214087
325,58405000,2.45,0.51,0.65,6.26,12.26,0,3,2,1,142,0,0.2,0.21,0.3,0.03,-2.04,0.819959963,0.49,895.0437924,733.9000753,161.1437171
326,58420000,1.97,0.62,0.75,4.7,9.97,0,0,2,1,142,0,0.19,0.17,0.4,0,-1.44,0.848006131,0.37,718.7285096,609.4861824,109.2423272
327,58425000,1.79,0.53,0.64,4.36,7.33,0,0,1,1,141,0,0.19,0.2,0.43,-0.01,-1.67,0.838434444,0.33,655.3120448,549.4361897,105.8758551
328,58434000,1.25,0.43,0.54,2.87,5.7,0,0,1,1,144,0,0.21,0.29,0.49,-0.08,-1.13,0.860963513,0.29,433.9800695,373.641005,60.33906449
329,58440000,1.57,0.25,0.33,4.41,8.39,1,2,2,1,137,0,0.25,0.26,0.37,-0.06,-2.15,0.796822336,0.32,572.4013292,456.102164,116.2991652
330,58470000,1.78,0.33,0.7,3.23,4.75,4,4,0,1,179,0,0.24,0.55,0.48,0.07,-1.28,0.878962033,0.39,649.8425391,571.1869196,78.65561949
331,58480500,1.87,0.76,0.86,4.15,7.32,0,0,0,1,151,0,0.22,0.23,0.38,0.12,-1.01,0.867586826,0.41,681.1888727,590.9904922,90.19838051
332,58500000,1.96,0.73,0.87,4.22,9.56,0,0,2,1,152,0,0.38,0.18,0.88,0.05,-1.06,0.875405806,0.44,716.2212873,626.9842735,89.23701379
333,58516500,1.82,0.57,0.73,4.33,7.02,0,0,0,1,150,0,0.27,0.2,0.37,0.26,-1.52,0.856063389,0.4,663.1910065,567.7335405,95.45746602
334,58520000,1.71,0.6,0.74,3.98,6.19,0,0,0,0,150,0,0.25,0.19,0.28,0.17,-1.26,0.859631033,0.37,623.1138881,535.6480354,87.46585275
335,58525000,5.05,1.16,1.34,12.88,21.55,0,0,1,2,146,0,0.23,0.14,0.73,0.21,-2.57,0.830461261,0.82,1845.972746,1533.008854,312.9638923
336,58530000,3.88,1.07,1.22,9.42,14.99,0,0,0,1,151,0,0.19,0.17,0.44,0.12,-2.01,0.843849069,0.58,1417.328133,1196.011025,221.3171079
337,58535000,3.91,0.9,1.13,9.6,15.33,0,0,1,1,149,0,0.18,0.26,0.34,0.12,-2,0.836886357,0.58,1428.734741,1195.688613,233.0461281
338,58542000,3.03,0.65,0.85,7.41,11.4,1,3,0,1,145,0,0.2,0.41,0.26,0.31,-2.14,0.826397484,0.61,1106.318742,914.2590245,192.0597175
339,58550001,2.61,0.78,0.93,6.26,10.05,0,0,0,1,152,0,0.2,0.13,0.35,0.19,-1.81,0.847793274,0.47,951.4690152,806.6490316,144.8199836
340,58560000,1.46,0.27,0.4,4.33,8.43,1,10,3,1,140,0,0.27,0.45,0.32,0.16,-1.67,0.818385723,0.32,532.3212758,435.644132,96.67714385
341,58573000,1.6,0.4,0.57,3.85,8.19,0,3,1,1,148,0,0.25,0.35,0.47,0.18,-1.42,0.837894761,0.33,585.6428263,490.7070558,94.9357705
342,58585000,2.25,0.61,0.79,5.55,8.99,0,0,0,1,151,0,0.23,0.22,0.3,0.18,-1.75,0.842886284,0.44,820.8709609,691.9008735,128.9700874
343,58610000,1.53,0.41,0.55,3.7,6.56,0,0,0,1,148,0,0.31,0.29,0.32,0.13,-1.45,0.85908747,0.33,559.758167,480.8812276,78.87693936
344,58630002,1.14,0.45,0.52,2.71,3.84,0,0,0,0,152,0,0.22,0.11,0.27,0.15,-1.3,0.860612715,0.25,415.2923227,357.4058535,57.88646916
345,58645000,1.95,0.51,0.63,4.63,8.87,0,1,1,1,146,0,0.27,0.31,0.46,0,-1.56,0.843338946,0.36,712.3752022,600.7737525,111.6014497
346,58658000,1.68,0.4,0.49,3.74,9.58,0,0,3,2,135,0,0.38,0.31,0.87,0.31,-1.43,0.857550331,0.42,611.8099806,524.6578516,87.15212896
347,58670002,0.98,0.29,0.36,2.21,7.88,0,0,5,2,134,0,0.5,0.25,0.82,0.15,-1.24,0.85851622,0.25,355.2821495,305.015488,50.26666152
348,58710000,1.87,0.58,0.76,4.46,8.6,0,0,1,2,147,0,0.27,0.27,0.46,0.12,-1.33,0.858112299,0.41,684.1281607,587.0587887,97.06937195
349,58720000,2.46,0.76,0.91,6.84,14.39,0,0,3,2,138,0,0.26,0.19,0.43,0.2,-1.22,0.85605209,0.54,894.2070151,765.4877844,128.7192307
350,58730001,1.82,0.64,0.76,4.47,8.21,0,0,1,2,144,0,0.24,0.2,0.36,0.29,-1.22,0.858482014,0.4,664.3013132,570.2907294,94.01058381
351,58735000,1.52,0.47,0.62,3.71,6.85,0,0,1,2,145,0,0.25,0.18,0.42,-0.08,-1.33,0.852409485,0.35,556.9682364,474.7650073,82.20322907
352,58755000,1.91,0.45,0.75,4.41,7.85,0,1,0,2,151,0,0.26,0.4,0.42,0.07,-0.97,0.860910406,0.41,696.1584874,599.3300861,96.8284013
353,58765001,1.58,0.06,0.33,4.43,8.25,10,2,2,2,140,0,0.35,0.98,0.39,0,-1.91,0.79537324,0.35,578.8790037,460.4248689,118.4541348
354,58770000,1.37,0.36,0.49,3.63,6.54,0,0,1,2,141,0,0.3,0.26,0.36,0.07,-1.59,0.836939711,0.32,501.7855171,419.9642256,81.82129152
355,58795000,1.15,0.37,0.44,2.77,4.01,0,0,0,2,149,0,0.24,0.23,0.35,0.01,-1.31,0.85143128,0.26,418.2698327,356.128019,62.14181369
356,58825000,3.15,0.88,1,7.92,16.44,0,0,2,2,138,0,0.19,0.16,0.64,-0.23,-1.93,0.833617997,0.59,1150.270591,958.886266,191.384325
357,58827000,2.36,0.71,0.83,5.75,10.25,0,0,1,2,140,0,0.18,0.21,0.36,-0.06,-1.62,0.84022527,0.42,861.7904017,724.0980732,137.6923285
358,58850000,1.51,0.35,0.49,3.86,7.03,0,0,1,2,139,0,0.27,0.22,0.46,-0.06,-1.78,0.842048297,0.27,550.9383403,463.9166914,87.0216489
359,58870000,0.82,0.27,0.31,2.24,4.24,0,0,2,2,136,0,0.34,0.24,0.5,-0.25,-1.47,0.853902418,0.22,298.3664324,254.7758182,43.5906142
360,58874000,1.21,0.32,0.39,3.22,5.57,0,0,2,2,137,0,0.3,0.2,1.07,-0.18,-1.7,0.842804758,0.29,441.5882939,372.1727154,69.41557852
361,58910000,1.89,0.46,0.59,5.44,9.16,0,0,1,2,139,0,0.3,0.21,0.29,0.07,-1.71,0.830862564,0.43,668.8110896,555.690097,113.1209926
362,58916000,2.25,0.58,0.69,6.84,10.66,0,0,1,2,131,0,0.27,0.13,0.24,0.21,-1.89,0.828412555,0.54,820.8174904,679.9755144,140.841976
363,58917000,2.03,0.42,0.57,5.66,9.38,0,0,1,2,132,0,0.29,0.19,0.4,0.13,-2.03,0.821138271,0.48,740.5347793,608.0814482,132.4533311
364,58920000,1.53,0.29,0.4,4.46,8.13,1,3,3,2,132,0,0.33,0.35,0.49,0.26,-2.05,0.805939605,0.36,558.0253656,449.7347426,108.290623
365,58930000,1.47,0.17,0.34,4.23,8.2,5,27,3,2,132,0,0.37,0.31,0.59,0.11,-2.07,0.818327838,0.39,538.5532206,440.7130925,97.84012813
366,58940000,1.23,0.18,0.27,3.59,6.73,2,3,3,2,132,0,0.39,0.44,0.36,0.33,-2.19,0.806939538,0.3,448.721197,362.0908753,86.63032174
367,58960000,1.15,0.17,0.26,3.5,6.14,1,2,3,2,130,0,0.38,0.35,0.34,0.26,-2.26,0.811823933,0.29,418.6924581,339.9045581,78.78789999
368,58974000,1.13,0.34,0.42,2.77,4.36,0,0,0,2,145,0,0.27,0.2,0.41,0.04,-1.53,0.853374749,0.26,412.0585675,351.6403765,60.41819096
369,59120000,4.04,1.03,1.26,10.14,20.81,0,0,3,1,144,0,0.2,0.22,0.57,0.02,-1.79,0.83627682,0.63,1475.977727,1234.325961,241.6517664
370,59125000,3.53,0.99,1.2,8.15,15.99,0,0,1,1,149,0,0.21,0.18,0.53,0.04,-1.67,0.850403263,0.55,1289.068976,1096.228463,192.840513
371,59135000,3.79,1.11,1.36,8.04,11.7,0,0,0,1,151,0,0.17,0.22,0.34,0.04,-1.66,0.846782513,0.59,1384.390463,1172.277635,212.112828
372,59240000,3.06,0.57,0.82,8.03,16.76,1,3,2,1,144,0,0.24,0.34,0.43,0.31,-1.79,0.802662425,0.49,1106.202012,887.9067889,218.2952231
373,59355000,2.99,0.97,1.15,6.74,13.27,0,0,1,1,155,0,0.17,0.17,0.47,-0.11,-1.49,0.857045346,0.62,1093.62278,937.2843135,156.3384665
374,59370000,3.1,0.99,1.31,6.45,11.62,0,0,1,1,153,0,0.18,0.2,0.55,-0.04,-1.37,0.861950511,0.44,1131.591063,975.3754954,156.2155676
375,59380000,3.16,0.69,0.84,7.5,14.35,0,2,1,1,143,0,0.25,0.27,0.45,0.27,-1.85,0.82649531,0.33,1130.513583,934.3641743,196.1494087
376,60010000,1.51,0.26,0.34,4.51,7.35,1,16,1,2,148,0,0.32,0.26,0.26,0.05,-2.31,0.828669435,0.37,550.155489,455.8970384,94.25845056
377,60011000,1.46,0.23,0.31,4.19,7.35,0,2,2,2,148,0,0.34,0.25,0.43,0.2,-2.42,0.825735143,0.36,533.3363413,440.3945598,92.94178149
378,60040000,1.45,0.24,0.33,3.84,6.02,1,5,0,0,151,0,0.34,0.35,0.39,0.05,-2.28,0.832978238,0.36,481.254153,400.8742366,80.37991642
379,60100000,1.7,0.24,0.38,4.4,11.35,3,8,4,2,145,0,0.36,0.5,0.46,0.26,-1.79,0.840864688,0.42,621.8854593,522.9215225,98.96393677
380,60110000,1.27,0.18,0.28,3.49,6.82,4,10,2,2,143,0,0.31,0.38,0.4,0.18,-2.2,0.824311961,0.33,464.7483412,383.0976164,81.65072481
381,60130000,1.43,0.26,0.39,3.36,6.05,1,3,0,1,157,0,0.33,0.55,0.38,0.02,-1.51,0.845480233,0.36,513.5834614,434.2246646,79.35879676
382,60145000,1.71,0.49,0.65,3.84,6.67,0,4,0,1,155,0,0.28,0.41,0.63,0.05,-1.26,0.853969303,0.43,624.4249883,533.2397718,91.18521652
383,60150000,1.44,0.29,0.47,3.34,5.56,1,3,1,1,151,0,0.27,0.46,0.51,0.33,-1.38,0.843094271,0.36,524.8931986,442.5344487,82.35874991
384,60220000,2.33,0.59,0.72,5.99,13.96,0,0,4,2,139,0,0.26,0.21,0.66,0.06,-1.71,0.843144131,0.5,850.5717715,717.1545972,133.4171743
385,60250000,2.02,0.77,0.83,4.69,8.61,0,0,1,2,153,0,0.27,0.17,0.37,0.14,-1.44,0.874713227,0.48,736.0130647,643.8003626,92.21270207
386,60265000,1.77,0.59,0.68,4.18,7.33,0,0,1,2,151,0,0.25,0.22,0.4,0.11,-1.53,0.861907766,0.42,647.7748284,558.3221553,89.4526731
387,60381000,1.44,0.34,0.45,3.51,5.41,0,1,0,2,149,0,0.21,0.34,0.37,0.05,-1.64,0.829345348,0.37,524.9925968,435.4001677,89.59242909
388,60432000,2.38,0.57,0.73,6.3,9.38,0,0,0,2,149,0,0.31,0.34,0.41,0.02,-1.67,0.843596598,0.54,815.7110885,688.131099,127.5799895
389,60615000,1.48,0.41,0.56,3.06,5.69,0,1,0,2,150,0,0.2,0.33,0.45,0.08,-1.15,0.852402747,0.37,538.9096735,459.3680863,79.54158719
390,60635000,1.21,0.23,0.34,3.08,4.81,1,8,0,2,152,0,0.28,0.36,0.25,0.27,-1.71,0.842240347,0.29,440.3096613,370.8465617,69.46309956
391,60640000,1.12,0.18,0.29,2.83,3.96,3,7,0,0,153,0,0.27,0.46,0.29,0.2,-1.98,0.828803665,0.27,409.5119662,339.4050183,70.10694789
392,60642000,1.16,0.23,0.36,2.66,3.61,1,5,0,0,157,0,0.27,0.45,0.26,-0.02,-1.58,0.848395013,0.27,424.041043,359.7543064,64.28673661
393,60650000,1.31,0.24,0.4,3.09,5.31,2,9,0,2,155,0,0.25,0.38,0.36,0.14,-1.81,0.833479493,0.31,478.7241115,399.0067297,79.71738183
394,60653000,1.64,0.28,0.46,3.51,5.53,4,6,1,1,166,0,0.3,0.58,0.77,-0.01,-1.66,0.857315202,0.38,597.4192785,512.1766293,85.2426492
395,60654000,1.22,0.25,0.39,2.88,4.1,1,8,0,0,164,0,0.27,0.36,0.22,0,-1.77,0.850417934,0.29,447.1575209,380.270775,66.88674589
396,60665000,1.37,0.25,0.32,3.78,7.39,0,12,2,2,159,0,0.3,0.27,0.36,-0.22,-2.08,0.831825178,0.32,501.9360524,417.5230463,84.41300607
397,60680000,1.2,0.22,0.32,2.88,4.13,2,6,0,2,159,0,0.26,0.4,0.44,0.1,-2.05,0.831720036,0.29,437.3542535,363.7562957,73.59795784
398,60715000,1.08,0.16,0.27,2.8,5.02,4,20,1,2,156,0,0.25,0.4,0.39,0.32,-1.96,0.822348981,0.27,394.0268066,324.0275431,69.99926352
399,60750000,1.04,0.14,0.21,3.02,4.53,3,9,1,2,156,0,0.33,0.44,0.4,0.4,-2.42,0.814392009,0.26,378.6646594,308.3814727,70.2831867
400,60765000,0.98,0.16,0.22,2.58,3.59,2,9,0,2,155,0,0.31,0.38,0.38,0.2,-2.46,0.820233046,0.25,356.7861694,292.6478065,64.13836286
401,60772000,1.01,0.16,0.25,2.51,3.29,3,16,0,0,157,0,0.24,0.34,0.26,0.16,-2.51,0.825333273,0.25,367.8749489,303.6194355,64.25551341
402,60774000,1.95,0.59,0.77,4.25,7.27,0,0,0,2,161,0,0.23,0.21,0.74,-0.01,-1.54,0.864980562,0.43,711.7548566,615.6541157,96.10074086
403,60778000,1.74,0.64,0.79,3.6,5.27,0,0,0,2,162,0,0.2,0.19,0.51,0.11,-1.22,0.870478429,0.38,633.706478,551.6278196,82.07865844
404,60781000,1.62,0.55,0.68,3.56,5.38,0,0,0,0,161,0,0.23,0.2,0.37,0.03,-1.4,0.864877505,0.38,591.9463347,511.9610688,79.98526591
405,60785005,1.68,0.74,0.87,3.32,4.32,0,0,0,0,162,0,0.18,0.18,0.36,0.22,-1.09,0.879518261,0.38,571.2597358,502.4333692,68.82636662
406,60790000,1.54,0.53,0.63,3.39,4.81,0,0,0,0,160,0,0.22,0.19,0.35,0.02,-1.38,0.861524021,0.37,562.7949289,484.8613502,77.93357874
407,60798000,1.5,0.48,0.6,3.38,4.71,0,0,0,0,160,0,0.22,0.24,0.35,-0.12,-1.41,0.862666136,0.36,547.8749818,472.6331935,75.24178832
408,60810000,1.33,0.25,0.41,2.91,4.19,2,5,0,1,167,0,0.28,0.44,0.44,-0.27,-1.55,0.855823652,0.32,478.5993096,409.5966088,69.00270082
409,60845000,1.38,0.34,0.46,3.28,5.07,0,0,0,1,150,0,0.22,0.25,0.24,-0.35,-1.75,0.833332169,0.34,477.1922893,397.6596854,79.53260392
410,60850000,1.46,0.31,0.39,3.95,7.36,0,0,1,2,149,0,0.25,0.3,0.37,-0.11,-1.92,0.827413688,0.35,531.8079069,440.0251418,91.78276511
411,60855000,1.28,0.25,0.34,3.63,6.63,0,7,2,2,149,0,0.26,0.3,0.4,-0.31,-1.91,0.826716762,0.32,467.6320783,386.5992775,81.03280082
412,60870000,1.43,0.45,0.58,3.3,5.44,0,0,0,2,155,0,0.23,0.2,0.34,-0.13,-1.43,0.853267344,0.33,483.6589944,412.6904255,70.96856888
413,60895000,1.8,0.78,0.92,3.37,4.52,0,0,0,0,166,0,0.19,0.28,0.32,0.09,-1.06,0.888959101,0.42,610.3074321,542.5383465,67.76908564
414,60910000,1.78,0.58,0.69,4.11,7.44,0,0,1,2,156,0,0.17,0.17,0.5,0.2,-1.4,0.853476515,0.41,639.7261558,545.99125,93.73490577
415,60925001,0.78,0.12,0.17,2.27,4.44,2,13,3,3,147,0,0.33,0.42,0.53,-0.1,-1.93,0.814112432,0.2,286.6318438,233.3505475,53.28129632
416,60930000,1.63,0.95,1.07,2.54,3.07,0,0,0,0,166,0,0.09,0.1,0.18,-0.05,-0.78,0.908035238,0.35,596.4522772,541.5996853,54.85259188
417,60940000,1.7,1.1,1.2,2.5,2.87,0,0,0,0,169,0,0.06,0.08,0.13,-0.04,-0.64,0.928589158,0.38,620.388122,576.0856838,44.30243825
418,60950000,1.5,0.82,0.94,2.5,3.17,0,0,0,0,166,0,0.09,0.16,0.18,-0.02,-0.84,0.902606312,0.35,545.7564307,492.6031992,53.15323146
419,60970000,1.77,1.08,1.17,2.95,3.79,0,0,0,0,164,0,0.08,0.05,0.24,-0.02,-0.77,0.902585042,0.4,647.2943005,584.2381534,63.05614708
420,61009000,2.49,0.78,0.95,5.7,8.86,0,0,0,2,149,0,0.23,0.18,0.47,0.28,-1.59,0.853358593,0.51,905.7042126,772.8904722,132.8137404
421,61012000,2.11,0.69,0.8,5.28,7.8,0,0,0,2,145,0,0.24,0.18,0.41,0.58,-1.74,0.851537548,0.48,769.329897,655.1132938,114.2166032
422,61014000,3,1,1.2,6.62,11.24,0,0,1,1,152,0,0.2,0.18,0.41,-0.04,-1.6,0.872354923,0.54,1095.489685,955.6558195,139.8338655
423,61024000,3.19,0.86,1.1,7.68,13,0,0,1,1,150,0,0.25,0.23,0.5,0.04,-1.91,0.862210549,0.57,1165.483945,1004.892553,160.5913924
424,61031000,2.8,0.78,1.02,6.84,12.56,0,0,1,2,148,0,0.26,0.28,0.57,0.13,-1.5,0.868492048,0.55,1019.724153,885.6223185,134.1018345
425,61045000,1.79,0.51,0.65,4.63,7.34,0,0,0,0,146,0,0.25,0.22,0.22,0,-1.57,0.842516706,0.38,652.4881999,549.7322092,102.7559907
426,61052000,1.78,0.59,0.76,4.26,7.33,0,0,0,1,155,0,0.33,0.25,0.24,-0.05,-1.35,0.883784401,0.42,651.7123583,575.9732159,75.73914238
427,61060000,2.23,0.76,0.89,5.28,7.96,0,0,0,2,149,0,0.25,0.18,0.53,-0.05,-1.57,0.867372603,0.49,815.9614269,707.7425871,108.2188398
428,61075000,1.83,0.45,0.6,4.95,8.61,0,0,1,2,141,0,0.3,0.22,0.58,0.07,-1.71,0.845921567,0.44,667.0840961,564.300824,102.7832721
429,61078000,1.72,0.36,0.52,4.56,7.61,0,0,1,3,143,0,0.28,0.28,0.53,0.49,-1.81,0.839666952,0.4,628.2920303,527.5560542,100.7359761
430,61085000,2.8,0.66,0.88,7.94,14.18,0,0,2,2,135,0,0.27,0.32,0.38,0.39,-1.56,0.830677581,0.61,1021.621491,848.6380684,172.9834226
431,61090000,1.87,0.55,0.71,4.67,8.64,0,0,1,2,140,0,0.24,0.22,0.32,0.59,-1.38,0.852878781,0.41,684.715866,583.9796334,100.7362326
432,61100000,1.76,0.57,0.69,4.64,5.89,0,0,0,2,142,0,0.22,0.24,0.24,0.21,-1.52,0.849645286,0.42,638.1114552,542.16839,95.94306525
433,61105000,1.8,0.51,0.65,4.7,8.6,0,0,1,2,141,0,0.3,0.25,0.34,0.23,-1.6,0.8521046,0.43,657.5787788,560.325902,97.25287684
434,61107000,1.68,0.45,0.58,4.3,8.1,0,0,1,3,138,0,0.26,0.25,0.43,0.43,-1.52,0.845031922,0.38,612.4178698,517.5126498,94.90522001
435,61115000,1.82,0.32,0.45,5.39,11.89,0,1,6,3,127,0,0.3,0.37,0.47,0.17,-2.1,0.819940722,0.44,664.8244976,545.1166788,119.7078188
436,61122000,1.59,0.32,0.52,4.15,9.15,0,1,3,2,139,0,0.32,0.3,0.73,0.27,-1.49,0.84751968,0.4,578.5454198,490.3286289,88.21679086
437,61135000,1.64,0.42,0.52,4.37,7.59,0,0,2,3,137,0,0.32,0.22,0.54,0.24,-1.8,0.835194085,0.39,600.6184117,501.6329445,98.98546718
438,61173000,1.44,0.39,0.51,3.5,6.95,0,0,1,2,153,0,0.33,0.28,0.43,-0.03,-1.36,0.876158454,0.35,524.7755776,459.7865585,64.98901907
439,61267000,1.42,0.46,0.61,3.12,4.93,0,0,0,2,155,0,0.23,0.26,1.56,0.01,-1.14,0.862942167,0.27,514.9794845,444.3975122,70.58197235
440,61271000,2.1,0.72,0.88,4.5,7.85,0,0,0,2,154,0,0.19,0.18,0.32,-0.05,-1.38,0.859845226,0.4,766.072137,658.7034698,107.3686672
441,61295000,1.73,0.36,0.46,4.98,10.32,0,0,4,2,144,0,0.32,0.3,0.54,-0.55,-1.78,0.829471039,0.38,631.8199939,524.0763865,107.7436074
442,61460000,1.99,0.56,0.7,5.13,8.42,0,0,0,2,145,0,0.26,0.21,0.42,-0.4,-1.69,0.849664342,0.39,726.3263946,617.1336385,109.1927561
443,61473000,2.62,0.8,0.99,6.09,10.45,0,0,0,2,150,0,0.26,0.2,0.4,-0.2,-1.64,0.866092589,0.55,957.4894331,829.2745024,128.2149307
444,61500000,1.96,0.52,0.66,4.91,8.24,0,0,1,2,147,0,0.26,0.24,0.4,-0.18,-1.68,0.842905897,0.41,715.7414744,603.3027091,112.4387653
445,61510000,1.99,0.56,0.7,5.13,8.07,0,0,0,2,146,0,0.27,0.24,0.46,-0.16,-1.66,0.851139562,0.42,728.0245235,619.650474,108.3740495
446,61520000,1.61,0.37,0.5,4.52,7.32,1,26,0,2,142,0,0.3,0.35,0.3,1.04,-1.63,0.834921073,0.4,566.9016167,473.3181061,93.58351061
447,61537000,1.8,0.43,0.59,4.71,7.21,0,0,0,2,145,0,0.28,0.3,0.45,1.21,-1.68,0.843832384,0.39,655.6241055,553.2368517,102.3872538
448,61610000,1.81,0.51,0.66,4.27,6.24,0,0,0,0,154,0,0.27,0.29,0.22,0.62,-1.48,0.851941918,0.37,655.2894162,558.2685219,97.02089432
449,61700000,1.62,0.39,0.5,4.25,8.7,0,0,3,1,145,0,0.3,0.22,0.47,0.35,-1.69,0.846611403,0.35,590.7897466,500.169336,90.62041064
450,61770000,1.59,0.26,0.4,4.41,8.66,1,5,2,2,144,0,0.36,0.28,0.42,-0.41,-1.97,0.818394211,0.35,562.3847572,460.2524297,102.1323275
451,61800500,1.97,0.44,0.59,5.2,8.25,0,2,0,2,150,0,0.33,0.28,0.36,-0.26,-1.94,0.832644572,0.37,675.341229,562.3192088,113.0220202
452,61815000,1.35,0.18,0.34,3.41,7.83,4,5,3,1,151,0,0.49,0.43,0.7,-0.21,-1.58,0.843505397,0.28,471.3700133,397.6031504,73.76686295
453,61826000,1.36,0.29,0.42,3.6,6.83,1,10,1,1,149,0,0.32,0.31,0.34,-0.09,-1.65,0.841936234,0.28,495.9322803,417.5433565,78.38892382
454,61830000,1.47,0.53,0.64,3.27,4.89,0,0,0,0,153,0,0.25,0.24,0.34,-0.01,-1.29,0.854690696,0.33,535.7496649,457.9002541,77.84941084
455,61861000,1.99,0.58,0.72,4.91,8.27,0,0,0,1,153,0,0.31,0.22,0.34,-0.73,-1.5,0.854754215,0.41,699.8217768,598.1756136,101.6461632
456,61865000,1.77,0.48,0.64,4.49,5.87,0,0,0,0,153,0,0.29,0.25,0.25,-0.64,-1.66,0.842793288,0.39,623.7741436,525.7126613,98.06148227
457,61879000,1.89,0.46,0.58,4.88,8.28,0,0,1,2,153,0,0.31,0.3,0.34,-0.39,-1.84,0.827482873,0.43,634.7038502,525.2065653,109.4972849
458,61886000,1.61,0.39,0.53,4.28,7.4,0,3,0,2,148,0,0.28,0.28,0.29,-0.52,-1.63,0.8341407,0.37,588.8243721,491.1623738,97.66199826
459,61902000,1.34,0.32,0.4,3.41,5.18,0,0,0,0,152,0,0.28,0.27,0.26,-0.21,-1.89,0.827036734,0.32,487.7476788,403.3852471,84.36243174
460,61912000,1.47,0.43,0.56,3.37,4.41,0,0,0,0,156,0,0.24,0.25,0.2,-0.26,-1.62,0.848829404,0.35,537.1948061,455.9867472,81.20805888
461,61915000,1.32,0.34,0.44,3.07,4.12,0,0,0,0,155,0,0.27,0.39,0.23,0,-1.58,0.845705454,0.32,482.4995226,408.0524779,74.44704473
462,62395000,1.29,0.34,0.46,3.58,7.37,0,0,3,1,148,0,0.32,0.22,0.47,-0.66,-1.39,0.83234515,0.31,447.3311834,372.3339409,74.99724251
463,62600000,0.81,0.11,0.18,2.74,4.63,3,4,4,3,150,0,0.73,0.75,0.71,-0.37,-1.96,0.819318253,0.16,296.8478788,243.2128856,53.63499323
464,62615000,0.91,0.12,0.25,2.97,4.78,3,4,3,2,146,0,0.66,0.5,0.63,-0.12,-1.88,0.818842795,0.19,334.1232079,273.5943814,60.52882652
465,62625000,1.56,0.43,0.54,4.13,6.78,0,0,1,2,149,0,0.33,0.27,0.44,-0.39,-1.52,0.838167409,0.37,559.2656214,468.7582168,90.50740464
466,62665000,0.95,0.19,0.23,2.67,4.42,0,1,1,2,174,0,0.64,0.55,0.48,0.43,-1.45,0.838324786,0.2,326.3237999,273.5653297,52.7584702
467,62670000,0.96,0.32,0.38,2.42,3.73,0,0,0,2,153,0,0.45,0.28,0.39,-0.27,-1.44,0.843423798,0.22,346.910751,292.5927831,54.31796793
468,62760130,0.91,0.07,0.09,2.33,5.3,59,41,1,2,148,0,0.58,0.75,0.55,0,-1.92,0.842181048,0.2,322.8068341,271.8617979,50.9450362
469,63350100,1.1,0.65,0.74,1.65,2.02,0,0,0,0,170,0,0.12,0.12,0.32,0.01,-0.57,0.915985206,0.28,400.7118755,367.0461499,33.66572557
470,63900001,1.2,0.63,0.76,1.97,2.56,0,0,0,0,168,0,0.15,0.16,0.29,-0.19,-0.7,0.901433462,0.31,422.9911251,381.2983544,41.69277074
471,63955000,1.04,0.59,0.66,1.67,2.09,0,0,0,0,170,0,0.15,0.14,0.21,-0.04,-0.79,0.894697435,0.27,376.0970427,336.4930593,39.60398345
472,64065000,1.21,0.3,0.39,3.12,4.95,0,0,0,4,155,0,0.36,0.29,0.45,-0.04,-1.62,0.821284512,0.3,427.3465191,350.9730774,76.37344167
473,64360000,1.47,0.29,0.4,4.24,9.25,0,3,5,2,163,0,0.42,0.32,0.55,-0.12,-1.67,0.809183736,0.36,537.6641753,435.069106,102.5950693
474,64362000,1.4,0.25,0.33,4.58,9.76,0,4,8,2,158,0,0.38,0.28,0.36,0,-1.76,0.793518739,0.35,510.5918416,405.1641941,105.4276475
475,64380000,1.32,0.17,0.25,4.28,11.14,1,6,10,3,161,0,0.49,0.46,0.49,0.04,-1.83,0.796367283,0.32,481.455642,383.4155213,98.04012072
476,64382000,1.39,0.16,0.24,4.86,12.2,1,12,13,3,162,0,0.59,0.54,0.53,-0.15,-2.05,0.781809748,0.34,498.8314608,389.9912985,108.8401623
477,64442800,1.75,0.21,0.31,5.28,7.09,5,8,0,3,182,0,0.39,0.54,0.26,-0.71,-2.78,0.758814998,0.41,638.7907766,484.724022,154.0667546
478,64447000,1.79,0.23,0.32,5.24,8.92,6,13,2,3,181,0,0.42,0.48,0.44,-1.09,-2.48,0.768701639,0.42,653.9780325,502.7139851,151.2640474
479,64465000,1.86,0.24,0.38,5.01,9.02,5,15,0,3,177,0,0.39,0.43,0.34,-1.08,-2.4,0.78055047,0.43,677.7080952,528.9853724,148.7227228
480,64501000,1.77,0.28,0.43,4.62,8.22,2,9,1,3,171,0,0.36,0.38,0.38,-0.11,-1.89,0.795986354,0.41,645.9410109,514.1602302,131.7807807
481,64507000,1.71,0.29,0.41,4.5,8.03,2,6,1,3,170,0,0.39,0.39,0.53,-0.23,-1.96,0.797644297,0.39,623.5592682,497.3784942,126.180774
482,64508500,1.32,0.19,0.3,3.91,8.53,1,7,4,2,163,0,0.52,0.63,0.39,-0.54,-1.67,0.817987945,0.34,468.4870525,383.2167613,85.27029124
483,64550000,1.32,0.49,0.59,2.92,4.95,0,0,0,2,172,0,0.31,0.27,0.43,-0.41,-1.16,0.86745763,0.31,458.6011833,397.8170957,60.78408756
484,64613000,0.9,0.26,0.33,2.2,3.48,0,0,0,2,163,0,0.28,0.31,0.35,0.62,-1.53,0.824384363,0.24,325.178599,268.0721524,57.10644665
485,64617000,1.02,0.4,0.47,2.01,2.81,0,0,0,0,170,0,0.25,0.26,0.34,0.13,-1.33,0.846689084,0.26,373.7840175,316.4788474,57.30517006
486,64620000,2.36,0.15,0.27,8.71,17.21,14,8,12,3,178,0,0.4,0.48,0.45,0,-2.71,0.754909661,0.52,863.5547745,651.9058423,211.6489322
487,64625000,2.07,0.12,0.21,7.88,16.55,14,9,15,3,181,0,0.43,0.48,0.33,-0.64,-2.78,0.745865763,0.45,755.7765469,563.707851,192.0686959
488,64645000,2.16,0.23,0.35,7.01,14.71,5,11,7,3,180,0,0.37,0.42,0.33,0.42,-2.23,0.769669278,0.46,789.8910186,607.9548496,181.936169
489,64652000,1.69,0.14,0.18,6.54,16.37,3,5,21,3,168,0,0.41,0.34,0.33,-0.43,-3.07,0.747106122,0.36,616.2507429,460.4047025,155.8460404
490,64655000,2,0.2,0.29,6.77,14.24,6,7,9,3,176,0,0.39,0.46,0.32,-0.91,-2.47,0.762410804,0.43,730.9692836,557.2988794,173.6704042
491,64659000,2.09,0.07,0.16,8.18,17.87,24,11,18,3,171,0,0.38,0.53,0.34,-0.3,-3.19,0.737176254,0.41,762.1864368,561.8657422,200.3206946
492,64673000,2.03,0.38,0.66,4.22,6.53,3,3,0,3,178,0,0.3,0.44,0.45,-0.53,-1.11,0.84904405,0.41,739.0253794,627.4651014,111.560278
493,64675002,1.93,0.24,0.35,5.94,13,3,7,6,2,174,0,0.39,0.43,0.36,-1.47,-2.25,0.776616045,0.41,706.3595804,548.5701836,157.7893968
494,64682000,1.71,0.9,1.03,2.8,4.04,0,0,0,0,176,0,0.21,0.21,0.31,-0.53,-0.78,0.899640653,0.37,621.4566512,559.0876674,62.36898381
495,64685000,1.87,0.33,0.46,5.34,11.04,0,3,4,3,174,0,0.38,0.35,0.43,-0.77,-1.93,0.797723669,0.4,682.4262601,544.38758,138.0386801
496,64693000,1.82,0.39,0.55,5,10.38,0,0,3,3,173,0,0.37,0.3,0.48,-0.69,-1.7,0.810907597,0.4,666.2073725,540.2326193,125.9747532
497,64715001,1.55,0.69,0.82,2.74,3.78,0,0,0,0,175,0,0.26,0.24,0.25,-0.27,-0.92,0.896385457,0.36,533.3070815,478.048712,55.25836952
498,64771500,2.58,0.16,0.31,9.38,20.11,11,12,14,2,176,0,0.36,0.44,0.43,-0.3,-2.79,0.74688837,0.49,940.9296933,702.7694448,238.1602485
499,64773000,2.61,0.07,0.15,10.93,26.81,24,8,27,3,172,0,0.38,0.59,0.39,0.51,-3.5,0.723233313,0.49,952.1096574,688.5974221,263.5122353
500,64775000,3.04,0.3,0.42,10.75,22.83,5,7,11,2,170,0,0.33,0.42,0.32,0.63,-2.58,0.762590261,0.58,1109.955134,846.4409753,263.5141587
501,64785000,2.18,0.53,0.76,4.69,7.62,1,4,0,2,177,0,0.28,0.34,0.39,-0.57,-1.44,0.860493434,0.42,796.7719046,685.6169922,111.1549124
502,64795000,2.47,0.24,0.35,7.87,17.14,7,9,8,2,174,0,0.36,0.52,0.34,0.08,-2.43,0.767530095,0.47,900.6121515,691.2469302,209.3652213
503,64799500,2.48,0.25,0.44,7.46,15.72,6,9,5,2,175,0,0.33,0.49,0.35,-0.07,-2.21,0.779289218,0.48,906.4093181,706.3550084,200.0543097
504,64810000,2.11,0.82,0.95,4.24,7.43,0,0,0,2,173,0,0.29,0.28,0.54,-0.25,-1.23,0.872886611,0.48,769.7213317,671.8794445,97.84188719
505,64815000,1.77,0.67,0.81,3.59,6.24,0,0,0,2,174,0,0.29,0.29,0.48,-0.42,-1.18,0.869496474,0.39,647.3592401,562.876577,84.48266313
506,64820000,2.3,0.44,0.59,6.4,11.98,1,10,2,2,173,0,0.31,0.37,0.34,-0.02,-1.87,0.802180635,0.46,838.4870932,672.6181089,165.8689843
507,64830000,2.23,0.44,0.59,5.97,11.93,0,5,2,2,174,0,0.33,0.4,0.33,-0.13,-1.83,0.809210223,0.45,814.9809405,659.4909089,155.4900316
508,64843000,1.32,0.64,0.8,2.23,3.01,0,0,0,0,175,0,0.21,0.2,0.23,-0.07,-0.71,0.898591909,0.32,483.8431205,434.7775132,49.06560731
509,65010000,2.32,0.46,0.56,6.33,9.82,0,0,0,2,161,0,0.29,0.24,0.24,-0.04,-2.15,0.77268471,0.42,846.0924325,653.7626855,192.329747
510,65015400,2.12,0.42,0.52,5.72,9.49,0,1,0,4,160,0,0.36,0.36,0.42,-0.02,-2.38,0.777648287,0.42,725.0845312,563.8607437,161.2237875
511,65025000,1.99,0.37,0.5,5.41,7.9,1,3,0,3,173,0,0.33,0.4,0.37,-0.33,-2.04,0.774711161,0.41,726.5167136,562.8406068,163.6761068
512,65027000,1.82,0.21,0.38,5.51,9.33,7,9,1,2,178,0,0.38,0.49,0.29,-0.32,-1.9,0.771618895,0.43,664.6817552,512.8810017,151.8007535
513,65094500,0.8,0.07,0.13,2.37,4.62,11,15,3,4,169,1,0.48,0.64,0.55,-0.48,-1.8,0.794967537,0.15,279.3449805,222.070191,57.27478947
514,65095000,2,0.31,0.5,5.24,8.82,2,5,1,4,168,0,0.39,0.5,0.4,-0.22,-1.94,0.795498332,0.38,724.3461194,576.2161299,148.1299895
515,65135000,1.94,0.47,0.56,5.49,7.63,0,0,0,4,172,0,0.36,0.29,0.46,-1.19,-1.82,0.798415842,0.4,707.9987268,565.2773999,142.7213269
516,65136550,1.92,0.46,0.56,5.07,8.53,0,0,1,4,173,0,0.39,0.38,0.56,-0.63,-1.7,0.807525039,0.42,703.0223526,567.7081525,135.3142001
517,65220000,1.92,0.27,0.38,5.3,8.35,3,9,1,4,172,0,0.41,0.37,0.47,-0.47,-2.32,0.765605705,0.42,701.9690322,537.4314957,164.5375365
518,65310000,2.01,0.26,0.38,5.56,8.28,6,13,1,5,174,0,0.42,0.46,0.43,0.42,-2.4,0.761173342,0.44,733.0462223,557.975243,175.0709793
519,65365000,2.93,0.37,0.56,8.86,19.65,2,3,5,2,183,0,0.42,0.4,0.6,0.34,-1.99,0.770580831,0.67,1069.818603,824.3817085,245.4368945
520,65925000,3.08,0.29,0.5,10,20.57,7,6,7,2,188,0,0.41,0.58,0.45,0.4,-2.27,0.755245847,0.56,1124.323901,849.1409569,275.1829441
521,65945000,2.75,0.41,0.61,8.2,13.76,0,0,2,2,184,0,0.39,0.35,0.43,0.33,-2.01,0.791689637,0.5,1005.123595,795.7459338,209.3776612
522,65948000,3.8,0.08,0.22,15.3,40.51,39,10,21,3,185,0,0.53,0.61,0.45,0.17,-3.36,0.717569592,0.67,1389.027483,996.7238842,392.3035988
523,65960000,2.88,0.23,0.41,9.47,17.97,13,8,5,3,186,0,0.42,0.66,0.49,0.33,-2.23,0.756641204,0.53,1053.305319,796.9742045,256.3311145
524,65979000,2.73,0.25,0.43,8.7,19.45,7,7,7,3,175,0,0.37,0.49,0.42,0.28,-2.19,0.765077626,0.51,996.3856958,762.3124028,234.073293
525,66260001,1.53,0.33,0.38,4.53,6.91,0,0,1,3,149,0,0.25,0.24,0.25,-0.17,-2.35,0.828729148,0.36,558.9461903,463.2150002,95.73119008
526,67100000,0.41,0.17,0.21,0.72,0.9,0,0,0,0,211,0,0.24,0.31,0.28,0.13,-1,0.926166071,0.11,150.6294016,139.5078411,11.12156049
527,70100000,2.7,0.28,0.42,8.51,21.76,3,5,11,2,177,0,0.34,0.38,0.41,0.37,-2.55,0.744661326,0.52,976.7232555,727.3280346,249.3952209
528,70200000,2.61,0.22,0.36,8.42,21.39,8,6,10,2,197,0,0.34,0.48,0.45,0.2,-2.35,0.743953603,0.51,945.6591732,703.5265488,242.1326244
529,70300000,2.9,0.19,0.32,9.93,27.6,11,5,15,2,208,0,0.39,0.43,0.58,0.21,-2.87,0.730677293,0.64,1045.406195,763.8545691,281.5516259
530,70500000,3.63,0.17,0.35,13.85,33.12,13,7,16,2,212,0,0.42,0.69,0.49,0.05,-2.41,0.743813087,0.77,1288.323508,958.2718852,330.0516228
531,71200000,3.05,0.41,0.61,10.16,15.51,2,7,3,2,169,0,0.35,0.38,0.22,0.06,-2.29,0.749870594,0.6,1115.333547,836.3558291,278.9777179
532,71250000,2.58,0.23,0.4,9.32,15.63,7,8,7,2,176,0,0.34,0.49,0.33,-0.3,-2.47,0.737290559,0.56,940.7423693,693.6004675,247.1419018
533,71300000,2.61,0.38,0.52,7.53,10.89,2,7,1,2,170,0,0.34,0.32,0.34,0.04,-2.36,0.746351271,0.53,952.0298339,710.5486769,241.481157
534,71383000,2.38,0.3,0.43,7.02,10.07,4,8,1,2,175,0,0.38,0.37,0.29,0,-2.41,0.747144915,0.48,868.3477236,648.7815864,219.5661372
535,71498000,2.34,0.32,0.5,6.62,12.27,3,5,2,2,180,0,0.38,0.47,0.63,-0.16,-2.01,0.776494031,0.49,853.2439014,662.5387961,190.7051053
536,71550000,2.5,0.26,0.4,7.5,12.95,8,6,3,2,181,0,0.42,0.47,0.64,-0.08,-2.48,0.744016005,0.52,913.9857734,680.0200433,233.9657301
537,72430000,2.49,0.26,0.42,8.16,17.72,4,7,9,2,215,0,0.4,0.42,0.48,0.14,-2.31,0.779789437,0.48,897.0511182,699.5109868,197.5401314
538,72630000,2.49,0.25,0.36,8.6,19.14,6,6,10,2,202,0,0.4,0.5,0.33,0.3,-2.27,0.771049859,0.46,908.0304964,700.1367865,207.8937099
539,72680000,2.76,0.25,0.37,9.82,22.6,8,8,10,2,202,0,0.42,0.5,0.41,0.56,-2.41,0.764132093,0.51,1008.890406,770.925538,237.964868
540,72715000,2.38,0.11,0.23,8.36,18.61,20,6,10,2,182,0,0.47,0.81,0.49,0.33,-2.72,0.739068058,0.51,867.7902445,641.3560506,226.4341939
541,72810000,2.38,0.19,0.32,8.25,19.26,8,6,11,2,182,0,0.46,0.58,0.4,0.31,-2.57,0.744448124,0.49,865.5018936,644.3212612,221.1806324
542,72870000,2.59,0.03,0.18,8.99,24.08,21,3,16,2,201,0,0.49,1.19,0.76,-0.06,-2.35,0.734045394,0.5,921.6374794,676.5237471,245.1137323
543,73300000,2.99,0.28,0.48,10.59,24.09,8,5,11,2,186,0,0.48,0.51,0.43,-0.18,-2.12,0.758487552,0.54,1088.475567,825.5951679,262.8803991
544,73330000,3.04,0.28,0.47,10.54,23.71,5,4,12,2,188,0,0.44,0.61,0.52,0.04,-2.37,0.755135835,0.53,1109.355397,837.7140144,271.6413826
545,73350000,2.99,0.25,0.44,9.85,23.9,9,5,10,2,190,0,0.41,0.63,0.55,0.17,-2.44,0.756626763,0.53,1090.358596,824.9944952,265.3641008
546,73600000,3.39,0.52,0.73,10.47,18.63,2,4,3,2,186,0,0.38,0.44,0.46,0.09,-1.94,0.774031618,0.62,1222.885983,946.5524158,276.3335672
547,73690001,2.98,0.44,0.7,8.44,17.69,3,4,4,2,186,0,0.41,0.44,0.51,0.42,-1.69,0.79535283,0.53,1077.169887,856.7301184,220.4397686
548,73765000,3.02,0.15,0.23,12.77,35.26,7,6,31,3,182,0,0.48,0.34,0.49,0.25,-3.53,0.731253484,0.55,1103.609764,807.0184851,296.5912789
549,73770000,2.92,0.33,0.53,9.25,18.76,4,6,6,3,182,0,0.41,0.49,0.45,0.35,-2.09,0.764136363,0.52,1067.181474,815.4721704,251.7093036
550,73780000,2.84,0.06,0.1,11.47,31.48,42,9,28,3,191,0,0.46,0.69,0.39,0.08,-3.77,0.712392464,0.49,1021.067212,727.4005868,293.6666252
551,73820000,2.77,0.08,0.17,11.19,27.31,26,9,26,3,193,0,0.44,0.59,0.55,0.29,-3.4,0.719156514,0.49,996.2544612,716.4628854,279.7915758
552,73900000,3.16,0.2,0.34,10.81,27.35,15,6,12,2,188,0,0.46,0.54,0.48,0.33,-2.74,0.739075239,0.56,1152.579502,851.842971,300.736531
553,73960000,2.81,0.31,0.5,9.03,18.46,6,6,5,2,187,0,0.41,0.52,0.44,0.97,-2.1,0.758315771,0.5,1026.680271,778.5478412,248.1324298
554,74100000,2.58,0.31,0.48,7.92,16.14,5,8,4,2,193,0,0.43,0.46,0.56,0.95,-2.33,0.767242273,0.5,943.992351,724.2708371,219.7215139
555,74205000,2.75,0.13,0.26,10.7,24.64,16,10,18,2,200,0,0.44,0.58,0.33,1.01,-2.64,0.754451382,0.53,1002.785879,756.5531923,246.2326867
556,74270000,3.24,0.24,0.36,10.96,29.43,10,6,12,2,198,0,0.53,0.72,0.62,0.68,-2.7,0.762217446,0.6,1184.273246,902.6737293,281.5995167
557,74295000,2.98,0.11,0.16,12.37,30.65,35,7,28,3,191,0,0.51,0.34,0.52,0.21,-3.77,0.715722743,0.55,1085.444086,776.8770184,308.5670676
558,74320000,3.04,0.08,0.17,11.68,33.28,32,7,21,2,188,0,0.45,0.62,0.4,0.48,-3.18,0.723559116,0.54,1110.072119,803.202801,306.869318
559,74370000,3.04,0.37,0.58,9,17.78,4,4,4,2,193,0,0.45,0.61,0.37,0.16,-2.07,0.800572815,0.55,1108.791669,887.6684676,221.1232014
560,74460000,2.78,0.48,0.72,7.14,9.74,2,8,0,0,188,0,0.35,0.53,0.28,0.26,-1.93,0.825232727,0.5,1015.073852,837.6721634,177.4016886
561,74470000,2.77,0.25,0.44,7.84,15.74,12,6,3,2,194,0,0.43,0.74,0.48,-0.14,-2.24,0.790506225,0.51,1011.298294,799.4375963,211.8606977
562,74700000,2.83,0.34,0.45,9.26,18.73,4,3,7,2,179,0,0.43,0.65,0.25,-0.2,-2.38,0.790759243,0.52,1032.768476,816.6712185,216.0972575
563,74750000,2.65,0.23,0.37,8.38,21.41,9,5,9,2,184,0,0.47,0.65,0.31,0.03,-2.47,0.777447268,0.48,962.9720714,748.660006,214.3120654
564,74800000,2.58,0.7,0.8,7.7,15.36,0,0,4,2,188,0,0.4,0.19,0.48,-0.32,-1.87,0.803956121,0.49,937.5838985,753.7763143,183.8075842
565,74880000,2.73,0.24,0.36,10.67,18.85,9,7,13,2,180,0,0.43,0.61,0.24,-0.1,-2.5,0.772838505,0.51,997.1380358,770.6266684,226.5113674
566,74900000,2.86,0.19,0.3,11.89,26.06,12,7,18,3,179,0,0.45,0.64,0.17,-0.07,-2.47,0.76149523,0.54,1045.067366,795.8138143,249.2535517
567,75550000,2.27,0.35,0.46,6.71,10.15,1,7,1,3,190,0,0.39,0.39,0.29,-0.16,-2.38,0.766253931,0.43,768.2451322,588.6708527,179.5742795
568,76310000,1.78,0.02,0.05,6.76,12.92,51,18,21,5,210,0,0.59,0.89,0.73,-0.05,-4.63,0.71054953,0.42,636.5487616,452.2994234,184.2493382
569,77150000,2.29,0.28,0.38,6.58,9.53,8,11,0,0,188,0,0.39,0.54,0.3,-0.01,-2.54,0.75245454,0.45,836.3636655,629.3256373,207.0380282
570,81125000,1.82,0.73,0.82,3.67,6.55,0,0,0,2,172,0,0.32,0.22,0.45,-0.16,-1.08,0.889327247,0.41,664.7880838,591.2141567,73.57392713
571,81140000,1.3,0.43,0.54,2.96,6.52,0,0,2,2,165,0,0.3,0.28,0.5,-0.63,-1.11,0.8521643,0.33,474.2840923,404.1679713,70.11612096
572,81200000,1.49,0.54,0.65,3.39,6.76,0,0,1,1,169,0,0.33,0.28,0.45,-0.11,-1.1,0.864419926,0.35,540.2729688,467.0227196,73.25024918
573,82009080,6.08,1.3,1.71,15.2,41.09,0,4,4,1,150,0,0.25,0.31,0.38,-0.41,-1.61,0.815202052,0.93,2222.180711,1811.526276,410.6544354
574,82170000,6.76,0.85,1.38,18.58,43.37,4,7,5,1,137,0,0.23,0.31,0.53,0.22,-2.19,0.771411509,1.23,2470.74127,1905.958251,564.7830194
575,82320000,3.37,0.46,0.63,10.47,23.99,1,7,7,2,157,0,0.41,0.43,0.48,0.27,-1.9,0.793917186,0.62,1229.515031,976.1331137,253.3819173
576,82350000,3.09,0.27,0.51,9.93,21.75,9,8,7,1,155,0,0.37,0.39,0.54,-0.08,-2.24,0.775714342,0.54,1127.923994,874.9468183,252.9771757
577,82770000,4.39,0.23,0.46,15.82,28.15,18,7,9,3,143,0,0.35,0.54,0.38,0.01,-2.65,0.730745262,0.7,1599.205542,1168.611872,430.5936699
578,83050000,2.53,0.28,0.42,8.93,12.75,5,4,2,2,161,0,0.35,0.44,0.25,0.12,-2.35,0.749394085,0.48,921.8953965,690.8629569,231.0324396
579,83105000,1.95,0.17,0.28,6.63,15.33,5,5,11,2,167,0,0.44,0.43,0.57,0.58,-2.28,0.762582002,0.4,711.8352312,542.8327355,169.0024957
580,83250000,1.93,0.21,0.31,7.18,10.46,5,4,6,2,171,0,0.43,0.57,0.91,0.7,-2.2,0.75831195,0.42,705.7556956,535.1829778,170.5727178
581,83300200,2.16,0.25,0.38,7.06,10.62,5,7,2,2,165,0,0.38,0.44,0.44,-0.34,-2.32,0.756630153,0.45,788.2962927,596.4487447,191.847548
582,83345000,1.97,0.07,0.2,6.91,20.19,13,7,16,2,164,0,0.57,0.68,0.64,-0.01,-2.68,0.755899083,0.45,720.7039063,544.7794222,175.9244841
583,83440000,1.93,0.14,0.29,6.61,13.09,7,8,9,2,171,0,0.5,0.52,0.69,0.03,-2.47,0.759146185,0.44,704.9476259,535.1583011,169.7893248
584,83660000,2.56,0.2,0.35,8.67,16.47,13,5,6,2,162,0,0.39,0.57,0.31,-1.24,-2.24,0.76464155,0.47,856.0596327,654.5787647,201.480868
585,83675000,2.86,0.28,0.65,6.82,16.21,10,5,2,2,158,0,0.33,0.6,0.42,-1.13,-1.15,0.827498819,0.53,1045.531261,865.1758836,180.3553774
586,83690000,2.33,0.3,0.45,7.3,12.94,3,3,3,2,166,0,0.43,0.49,0.51,-0.8,-2.18,0.766063214,0.5,852.2060614,652.843714,199.3623474
587,83800002,2.54,0.34,0.53,7.51,13.91,3,3,3,2,168,0,0.5,0.63,0.62,-0.57,-1.92,0.772962384,0.54,926.5432385,716.1830709,210.3601676
588,83880000,4.47,0.68,1.02,11.62,28.11,3,4,3,2,160,0,0.43,0.48,0.39,-0.41,-1.9,0.81146906,0.94,1481.82318,1202.453663,279.3695172
589,84071000,2.27,0.46,0.63,5.5,9.84,1,4,1,2,162,0,0.32,0.43,0.59,-0.14,-1.4,0.81583439,0.45,829.5302364,676.7592941,152.7709423
590,84095000,2.17,0.58,0.81,5.43,13.34,0,0,3,2,170,0,0.44,0.33,0.64,-0.14,-1.22,0.84189662,0.45,766.2236202,645.0810759,121.1425443
591,84100000,2.77,0.7,0.92,7.29,17.12,0,0,3,2,158,0,0.35,0.35,0.62,0.01,-1.38,0.837685293,0.55,926.6707029,776.2584191,150.4122838
592,84520000,2.71,0.92,1.1,6.32,11.39,0,0,1,2,167,0,0.23,0.21,0.35,-0.16,-1.24,0.84013644,0.53,989.6487523,831.4399791,158.2087732
593,84551000,3.18,0.48,0.71,9.6,22.57,2,6,6,2,152,0,0.34,0.45,0.53,0.13,-1.79,0.794637475,0.63,1160.403432,922.1000537,238.3033783
594,84580000,2.51,0.55,0.74,6.89,13.1,0,3,2,2,155,0,0.25,0.32,0.38,-0.06,-1.75,0.796830674,0.49,913.7711477,728.1208796,185.6502681
595,84600000,2.47,0.75,0.92,5.82,11.01,0,0,1,2,168,0,0.29,0.3,0.4,-0.08,-1.26,0.845787507,0.54,871.5306952,737.1297744,134.4009208
596,84853000,3.4,0.02,0.08,12.91,31.64,50,6,19,2,158,0,0.39,0.95,0.57,-0.66,-3.55,0.716431527,0.6,1200.834155,860.3154468,340.5187082
597,85400000,2.63,0.3,0.78,7.82,14.62,5,1,2,2,190,0,0.4,0.64,0.26,-0.37,-1.73,0.795514883,0.52,959.3394234,763.1687888,196.1706346
598,85438000,2.23,0.01,0.04,8.17,13.66,73,11,12,3,219,0,0.48,1.57,0.73,0,-4.39,0.682536333,0.45,797.2201904,544.131745,253.0884454
599,85480000,1.66,0.05,0.09,6.73,13.22,33,12,23,4,210,0,0.52,0.8,0.41,0.06,-3.73,0.7204482,0.38,606.9691104,437.2898033,169.6793071
600,85900000,2.24,0.33,0.5,6.97,9.31,2,6,0,4,209,0,0.4,0.46,0.25,-0.34,-2.36,0.769837641,0.47,808.8047141,622.648313,186.1564011
601,86100000,2.9,0.18,0.31,9.82,28.44,14,6,12,2,189,0,0.33,0.52,0.4,-0.31,-2.53,0.736848898,0.58,1044.593475,769.7075511,274.8859239
602,86160000,2.28,0.06,0.15,8,19.69,30,8,13,2,215,0,0.31,0.87,0.33,0.13,-2.69,0.730440897,0.43,823.6058977,601.5954311,222.0104666
603,86410000,2.35,0.09,0.21,7.76,18.79,28,12,9,2,214,0,0.39,0.7,0.51,-0.11,-2.54,0.752341189,0.46,851.5774517,640.6767925,210.9006592
604,86420000,2.71,0.17,0.33,9.42,19.33,13,10,9,2,215,0,0.35,0.5,0.64,-0.11,-2.37,0.753033822,0.53,980.4617683,738.3208723,242.140896
605,86480000,2.49,0.09,0.19,9.14,21.64,28,8,14,2,203,0,0.38,0.64,0.37,-0.28,-2.71,0.738458079,0.48,909.5996129,671.7011825,237.8984304
606,86500000,2.64,0.1,0.19,9.04,24.8,25,9,14,2,210,0,0.38,0.64,0.55,-0.33,-3,0.736121848,0.51,965.9475695,711.05511,254.8924595
607,86510000,2.42,0.12,0.23,8.3,19.69,22,8,12,2,214,0,0.35,0.57,0.43,0,-2.62,0.744001037,0.48,883.5722838,657.3786954,226.1935884
608,86560000,2.55,0.16,0.27,9.91,22.77,13,5,16,2,210,0,0.42,0.42,0.36,-0.16,-2.8,0.752676626,0.49,930.3662344,700.2649187,230.1013157
609,86580000,2.69,0.14,0.26,9.51,23.7,16,8,15,2,207,0,0.44,0.52,0.55,-0.61,-2.87,0.750042587,0.53,981.6694158,736.2938684,245.3755474
610,86700000,2.92,0.08,0.15,11.67,31.58,32,10,24,3,201,0,0.36,0.57,0.48,-0.29,-3.48,0.719023359,0.58,1066.221865,766.6384272,299.5834378
611,86745000,2.47,0.04,0.12,9.01,25.6,37,8,17,2,216,0,0.39,0.73,0.55,-0.41,-2.97,0.730164171,0.47,897.9213951,655.6300314,242.2913637
612,87170000,2.03,0.1,0.18,7.04,17.43,20,7,13,2,226,0,0.32,0.47,0.36,-0.46,-2.92,0.732306166,0.39,730.9933923,535.3109688,195.6824235
613,87380000,2.44,0.22,0.39,7.32,11.3,11,7,1,2,217,0,0.28,0.47,0.23,-0.47,-3.03,0.731870973,0.51,878.441842,642.9060859,235.5357561
614,87382000,2.53,0.23,0.39,7.39,11.57,16,5,1,2,219,0,0.28,0.42,0.34,-0.54,-2.9,0.732637991,0.53,913.8377032,669.5122193,244.3254839
615,87450100,2.77,0.47,0.59,8.99,22.06,0,2,6,2,224,0,0.3,0.49,0.71,0.55,-2.12,0.802227163,0.66,918.2134941,736.6158068,181.5976873
616,88575000,2.11,0.08,0.12,7.59,24.71,37,9,20,2,223,0,0.53,0.66,0.7,0.34,-3.85,0.749033062,0.52,702.4841393,526.1838459,176.3002934
617,88750000,2.19,0.07,0.12,8.96,22.24,32,9,23,2,221,0,0.46,0.63,0.38,0.05,-3.24,0.751233716,0.56,797.0647933,598.7819462,198.2828471
618,88850000,2.51,0.12,0.3,8.31,29.07,13,11,16,2,216,0,0.45,0.41,0.37,0.43,-2.26,0.772755052,0.59,914.7959964,706.913228,207.8827684
619,12400000,2.66,0.53,0.67,8.35,14.6,0,2,3,2,160,0,0.21,0.25,0.43,0.14,-2.13,0.786552748,0.42,928.3878558,730.2260194,198.1618364
620,20200000,1.49,0.16,0.26,4.2,6.75,9,12,1,2,149,0,0.3,0.45,0.54,1.39,-2.42,0.812621541,0.33,542.912611,441.1824828,101.7301282
621,21300000,1.25,0.54,0.64,2.68,5.63,0,6,1,2,150,0,0.21,0.27,0.58,0.19,-0.91,0.877372686,0.35,429.0493399,376.4361716,52.61316827
622,21560000,1.3,0.59,0.68,3.23,6.56,0,0,1,2,156,0,0.28,0.1,0.44,0.28,-0.94,0.878064995,0.36,432.6068305,379.8569144,52.74991611
623,22050001,1.09,0.32,0.39,2.71,5.39,0,0,2,2,151,0,0.29,0.23,0.52,0.57,-1.49,0.850074188,0.27,397.2050118,337.6537277,59.55128411
624,22500000,1.06,0.22,0.28,2.93,4.64,0,0,2,2,152,0,0.27,0.22,0.43,0.44,-2.45,0.81875526,0.25,386.9646222,316.8293199,70.13530231
625,25100000,2.3,0.07,0.14,9.29,20.93,27,18,23,2,133,0,0.37,0.55,0.41,1.21,-3.29,0.779440069,0.51,840.91976,655.446556,185.473204
626,26040000,1.93,1.04,1.2,3.17,3.9,0,0,0,0,169,0,0.12,0.1,0.23,0.06,-0.9,0.917406655,0.43,688.1792993,631.3402688,56.83903046
627,31490000,2.23,0.3,0.45,6.14,7.83,4,56,0,0,204,0,0.26,0.26,0.27,-0.33,-2.65,0.818959703,0.41,815.8365274,668.1372399,147.6992875
628,31520000,2.37,0.31,0.45,6.5,9.15,4,29,0,1,205,0,0.28,0.3,0.34,-0.41,-2.81,0.815103318,0.43,867.0739767,706.7548757,160.319101
629,31600000,3.14,1.13,1.51,5.75,7.76,0,7,0,0,205,0,0.26,0.32,0.37,-0.03,-1.26,0.893232932,0.55,1122.957067,1003.062233,119.894834
630,32400000,2.55,0.05,0.13,9.34,13.27,42,14,14,4,196,0,0.33,0.4,0.28,-0.05,-4.68,0.755080088,0.47,924.0145615,697.7049968,226.3095647
631,33075000,0.08,0,0.01,0.28,0.46,17,57,6,5,188,0,0.5,0.58,0.64,-0.02,-2.9,0.811021236,0.02,29.87715144,24.23100429,5.64614715
632,34660000,0.2,0.09,0.1,0.48,0.69,0,0,0,0,166,0,0.19,0.09,0.27,0.06,-1.21,0.861329477,0.07,71.7211108,61.77550682,9.945603978
633,40040000,1.87,0.34,0.47,5.33,11.85,0,0,4,2,143,0,0.31,0.3,0.44,0.28,-2.06,0.842082148,0.44,656.6418737,552.9463995,103.6954742
634,40053000,1.19,0.05,0.1,4.94,11,13,11,23,7,124,0,0.51,0.9,0.52,1.13,-3.12,0.792422883,0.31,427.1542992,338.4868414,88.66745776
635,40060001,1.91,0.6,0.69,5.07,6.38,0,0,0,0,153,0,0.26,0.18,0.14,0.45,-1.56,0.861483991,0.43,694.3550804,598.1757861,96.17929435
636,40150000,1.23,0.26,0.56,3.18,5.16,2,14,1,2,139,0,0.3,0.26,0.53,0.42,-1.49,0.854789828,0.31,438.8205942,375.0993803,63.72121394
637,40170000,1.24,0.2,0.3,3.6,6.44,2,12,3,3,134,0,0.38,0.49,0.78,0.88,-1.92,0.82426631,0.3,453.2302327,373.5824113,79.64782137
638,40185000,1.25,0.21,0.3,3.51,6.97,1,5,3,3,137,0,0.42,0.43,0.45,0.72,-1.93,0.830028948,0.31,454.7075391,377.4204202,77.28711892
639,40269900,1.26,0.44,0.56,2.71,4.52,0,1,0,3,166,0,0.41,0.72,0.51,0.5,-1.03,0.882829167,0.31,448.9480524,396.3444353,52.60361712
640,40300001,1.16,0.26,0.33,3.44,6.16,1,3,3,2,139,0,0.31,0.39,0.37,0.98,-1.7,0.836026798,0.31,401.0642993,335.300502,65.76379735
641,40330000,1.22,0.26,0.31,3.73,6.1,0,0,2,2,131,0,0.35,0.35,0.42,1.08,-2.04,0.834504337,0.31,431.1301789,359.7800043,71.35017465
642,40500000,0.98,0.2,0.25,2.75,5.57,0,0,4,3,138,0,0.37,0.19,0.49,1.2,-2.05,0.833567357,0.26,353.9447764,295.0368119,58.90796447
643,40530000,1.31,0.05,0.09,5.58,8.29,22,10,25,9,131,0,0.4,0.67,0.29,1.4,-3.31,0.762958532,0.31,456.4966006,348.2879762,108.2086244
644,40680000,1.56,0.3,0.43,4.12,7.74,0,4,2,7,133,0,0.31,0.34,0.88,1.11,-1.68,0.840480683,0.38,568.8385557,478.097818,90.74073773
645,40740000,1.31,0.3,0.4,3.47,6.02,0,0,1,7,134,0,0.26,0.26,0.72,0.96,-1.71,0.836513546,0.33,479.9375545,401.4742658,78.46328871
646,40800001,1.17,0.25,0.33,3.22,5.37,0,0,1,7,134,0,0.27,0.29,0.73,0.81,-1.79,0.834255828,0.29,427.9698727,357.0363605,70.93351219
647,40810350,1.38,0.3,0.42,3.39,6.89,0,0,2,4,147,0,0.36,0.35,0.49,1.18,-2.03,0.862047435,0.34,500.9356407,431.8302842,69.10535653
648,40810800,1.21,0.23,0.3,3.07,7.26,0,0,4,2,139,0,0.37,0.38,0.62,0.66,-1.8,0.852320634,0.3,441.428482,376.2386035,65.18987848
649,40811100,1.15,0.22,0.3,3.09,6.61,0,1,3,2,137,0,0.33,0.34,0.53,0.89,-1.82,0.843967419,0.29,420.3545452,354.7655407,65.58900448
650,40823500,1.2,0.24,0.3,3.35,7.22,0,0,5,2,136,0,0.36,0.29,0.56,0.84,-1.95,0.848174788,0.3,437.2724026,370.8834272,66.38897539
651,40850000,1.23,0.25,0.33,3.52,5.94,0,1,1,2,134,0,0.29,0.3,0.7,1.08,-1.92,0.830930132,0.31,448.6269537,372.7776538,75.84929989
652,40930000,1.79,0.19,0.27,6.23,13.39,3,5,11,3,133,0,0.41,0.38,0.45,1.35,-2.73,0.798312098,0.4,621.5009494,496.1517271,125.3492223
653,40975000,1.76,0.16,0.22,6.62,15.34,1,7,20,2,118,0,0.27,0.35,0.48,0.56,-3.3,0.784704796,0.44,595.5002186,467.2918774,128.2083412
654,41050000,1.52,0.18,0.25,5.31,11.59,1,7,13,2,132,0,0.39,0.34,0.47,1.98,-2.68,0.811162425,0.4,553.2857712,448.8046276,104.4811436
655,41135000,1.22,0.47,0.64,2.95,5.24,0,0,0,2,153,0,0.31,0.19,0.47,0.43,-0.71,0.891042178,0.31,443.8553744,395.4938593,48.36151509
656,41199998,1.61,0.58,0.69,3.86,7.95,0,0,1,2,137,0,0.21,0.19,0.38,0.63,-1.14,0.865438543,0.36,569.5692109,492.9271477,76.64206315
657,41260000,1.45,0.37,0.53,3.78,8.08,1,8,3,2,133,0,0.24,0.21,0.39,1.04,-1.49,0.852780948,0.36,526.1252376,448.6695791,77.45565849
658,41380000,1.02,0.13,0.18,3.31,10.34,1,9,11,2,120,0,0.33,0.41,0.48,1.67,-1.9,0.83172385,0.28,370.7981054,308.4016277,62.39647772
659,41410000,1.2,0.33,0.4,3.4,7.23,0,0,4,2,133,0,0.24,0.17,0.33,1.04,-1.58,0.843548294,0.32,432.9094869,365.180059,67.72942794
660,41440005,1.06,0.18,0.3,2.99,5.79,1,11,3,2,138,0,0.34,0.3,0.35,1.54,-1.57,0.849627714,0.28,386.1651521,328.0966155,58.06853663
661,41685000,0.52,0.01,0.03,1.93,4.53,33,20,18,3,119,0,0.51,0.86,0.55,2.04,-3.53,0.7901217,0.15,190.9071897,150.8399133,40.06727644
662,41780002,1.56,0.19,0.25,6.43,12.93,0,0,23,3,113,0,0.28,0.28,0.34,1.09,-2.46,0.79499926,0.44,563.1886136,447.7345309,115.4540827
663,41890000,1.13,0.06,0.07,5.39,11.19,2,7,52,5,111,0,0.39,0.34,0.32,1.01,-3.91,0.765010388,0.38,406.5329526,311.0019317,95.53102089
664,42187000,0.35,0.06,0.08,1.02,2.54,1,17,7,5,134,0,0.47,0.56,2.27,0.89,-1.87,0.846658201,0.12,128.6085441,108.8874786,19.72106547
665,42250000,1.47,0.21,0.33,4.45,8.79,2,7,4,5,140,0,0.37,0.45,0.4,0.53,-1.9,0.843267536,0.37,536.5508425,452.4559068,84.09493569
666,42257000,1.15,0.14,0.22,3.2,6.7,4,8,4,5,143,0,0.4,0.49,0.49,1.43,-2.18,0.823204547,0.28,405.5928169,333.8858509,71.70696599
667,42365000,1.35,0.19,0.26,4.94,9.35,1,8,11,5,123,0,0.42,0.6,0.57,1.14,-2.36,0.813799508,0.35,456.54666,371.5374474,85.00921256
668,42435000,0.95,0.06,0.1,3.01,4.16,21,24,1,5,136,0,0.44,0.61,0.42,1.02,-3.27,0.794807369,0.24,320.282553,254.5629333,65.7196197
669,42460000,1.26,0.05,0.28,3.01,4.92,10,28,0,5,158,0,0.4,0.51,0.64,0.78,-1.5,0.851735105,0.34,419.1442698,356.9998884,62.14438135
670,42490000,1.18,0.09,0.24,3.33,5.58,9,23,0,5,150,0,0.35,0.46,0.24,1.6,-1.68,0.832590883,0.32,419.1526564,348.9826805,70.16997591
671,42546000,1.14,0.15,0.2,3.96,9.8,0,0,15,2,133,0,0.39,0.35,0.54,1.27,-2.06,0.829344137,0.3,407.2337192,337.7368974,69.49682178
672,42840000,1.38,0.31,0.41,3.75,9.81,0,0,6,2,140,0,0.26,0.36,0.32,1.05,-1.38,0.848227403,0.36,503.586311,427.1557085,76.43060245
673,42860000,1,0.08,0.12,3.95,8.38,5,9,17,2,121,0,0.4,0.45,0.42,1.25,-2.69,0.782996334,0.28,329.4036078,257.9218173,71.4817905
674,45170001,0.87,0.58,0.61,1.32,1.76,0,0,0,0,167,0,0.16,0.15,0.29,0.23,-0.55,0.937342661,0.3,315.6800334,295.9003627,19.77967074
675,45590000,0.7,0.49,0.51,1.02,1.28,0,0,0,0,168,0,0.12,0.11,0.28,0.26,-0.48,0.940550686,0.23,256.5455578,241.2941004,15.25145743
676,45740001,0.37,0.21,0.23,0.63,0.84,0,0,0,0,161,0,0.17,0.16,0.37,0.46,-0.85,0.913695419,0.13,135.8116734,124.0905038,11.72116961
677,45770000,0.88,0.62,0.66,1.25,1.58,0,0,0,0,167,0,0.1,0.1,0.27,0.3,-0.48,0.94099508,0.28,320.072043,301.1862176,18.88582537
678,45880000,0.75,0.5,0.53,1.14,1.49,0,0,0,0,166,0,0.15,0.15,0.3,0.33,-0.59,0.93712994,0.25,274.1466081,256.9109944,17.23561367
679,46415000,0.55,0.24,0.3,0.89,1.14,0,1,0,0,162,0,0.21,0.31,0.32,0.36,-0.77,0.918121972,0.17,194.8330775,178.8805293,15.95254823
680,46455000,0.66,0.4,0.44,0.98,1.25,0,0,0,0,167,0,0.13,0.13,0.29,0.18,-0.62,0.930223217,0.2,239.0486545,222.3686084,16.68004612
681,46490000,0.11,0.03,0.05,0.26,0.44,0,0,1,5,155,0,0.3,0.26,0.57,0.91,-0.98,0.886578245,0.04,37.79506608,33.50828335,4.286782728
682,46543000,0.77,0.41,0.47,1.22,1.46,0,0,0,0,162,0,0.11,0.18,0.19,0.08,-0.81,0.915541377,0.23,269.2095286,246.4724624,22.73706622
683,46570000,0.43,0.14,0.19,0.81,1.06,0,0,0,0,159,0,0.17,0.3,0.26,0.13,-1.22,0.874858904,0.12,156.59339,136.9971215,19.59626853
684,46590000,0.57,0.39,0.42,0.85,1.11,0,0,0,0,166,0,0.1,0.09,0.23,0.16,-0.54,0.933157265,0.18,197.7328637,184.5158584,13.21700534
685,46770000,0.41,0.29,0.31,0.59,0.66,0,0,0,0,169,0,0.1,0.12,0.08,0.16,-0.57,0.936427925,0.13,150.1612906,140.6152257,9.546064883
686,46998000,0.5,0.2,0.24,1.33,1.69,0,0,0,0,148,0,0.31,0.15,0.37,0.56,-1.18,0.877145699,0.17,164.8740564,144.6185695,20.25548689
687,47249000,0.03,0,0,0.08,0.3,32,12,19,13,148,1,1.13,1.11,1.69,-0.78,-3.28,0.752410949,0.02,8.96299655,6.743856739,2.219139811
688,48850000,0.09,0,0,0.33,1.68,122,47,55,17,161,30,1.44,2.44,1.5,-0.05,-14.43,0.663486458,0.05,29.23422743,19.39651402,9.837713408
689,53790000,0.14,0.02,0.03,0.45,1.08,3,7,8,13,138,0,0.54,0.59,0.71,1.29,-1.74,0.815297456,0.06,51.06557634,41.63363447,9.431941867
690,58442000,1.62,0.39,0.51,3.93,7.28,0,5,1,12,145,0,0.23,0.3,0.31,0.15,-1.74,0.816918507,0.33,550.2296444,449.4927796,100.7368648
691,58826000,3.01,0.85,1.03,7.22,14.96,0,0,2,12,139,0,0.26,0.31,0.6,0.78,-1.54,0.846938457,0.54,1100.877544,932.3755283,168.5020157
692,58846000,1.65,0.39,0.58,4.05,6.97,0,0,1,12,142,0,0.24,0.21,0.42,0.59,-1.6,0.850598716,0.29,602.3829926,512.3862001,89.99679248
693,58857000,1.36,0.41,0.54,3.65,6.73,0,0,2,12,140,0,0.27,0.2,0.48,0.51,-1.35,0.8554347,0.37,495.3055762,423.7015772,71.60399901
694,58880001,1.17,0.37,0.44,2.9,4.35,0,0,0,12,147,0,0.27,0.22,0.43,0.95,-1.43,0.852743663,0.26,426.4570538,363.6585503,62.79850354
695,60030000,1.48,0.24,0.34,3.93,6.51,1,3,0,12,151,0,0.35,0.35,0.45,1.14,-2.3,0.832731664,0.37,488.6050626,406.8769068,81.7281558
696,60435100,1.94,0.28,0.47,4.38,6.9,6,4,0,12,161,0,0.24,0.63,0.24,0.72,-1.84,0.843944919,0.47,706.9237395,596.6046984,110.3190411
697,60477400,0.94,0.06,0.09,2.83,5.91,42,8,4,12,146,0,0.48,1.08,0.53,0.56,-2.89,0.792318614,0.23,340.1987173,269.5457763,70.65294098
698,60477600,1.46,0.52,0.63,3.08,4.74,0,0,0,12,159,0,0.3,0.29,0.45,0.22,-1.12,0.877704004,0.36,534.4533206,469.0918195,65.36150108
699,60478500,1.66,0.25,0.39,4.52,8.38,2,6,1,11,152,0,0.47,0.89,0.32,-0.17,-2.23,0.838462051,0.4,603.1840543,505.7469393,97.43711498
700,60478600,1.05,0.12,0.19,2.62,6.37,8,3,3,11,144,0,0.41,0.71,0.78,0.22,-1.99,0.809939359,0.28,384.1260903,311.1188395,73.00725076
701,60500000,1.3,0.26,0.34,3.06,5.02,1,5,1,11,149,0,0.32,0.39,0.68,-0.01,-1.87,0.830426621,0.34,464.821337,386.0000121,78.82132487
702,60540000,1.28,0.25,0.36,3.1,4.66,0,1,0,11,157,0,0.31,0.41,0.52,0.04,-1.88,0.839913601,0.31,433.6979032,364.2687675,69.42913567
703,61175000,1.44,0.4,0.52,3.68,6.44,0,0,1,11,146,0,0.31,0.19,0.57,0.11,-1.6,0.855443277,0.34,494.9949711,423.4401202,71.55485092
704,61565000,2.27,0.51,0.76,5.5,9.6,0,2,1,11,145,0,0.26,0.32,0.63,0.57,-1.9,0.831523743,0.46,825.0937971,686.0850823,139.0087148
705,61795000,1.55,0.21,0.36,3.91,6.1,5,9,1,11,155,0,0.24,0.4,0.47,0.31,-2.41,0.824498818,0.35,553.4900911,456.351926,97.13816514
706,61910000,1.31,0.36,0.44,3.26,4.81,0,0,0,0,152,0,0.25,0.24,0.21,0.53,-1.71,0.834661828,0.31,464.4352023,387.646335,76.78886734
707,61956001,0.9,0.2,0.25,2.71,6.08,0,0,7,2,142,0,0.36,0.29,0.53,-0.66,-1.82,0.823292804,0.22,322.3988078,265.4286185,56.97018926
708,62095100,1.03,0.33,0.39,2.44,4.35,0,0,0,2,157,0,0.27,0.32,0.34,0,-1.24,0.844756758,0.23,312.2074328,263.7393389,48.46809395
709,62110000,1.29,0.17,0.32,2.91,4.26,8,7,0,2,157,0,0.42,0.53,0.46,0.07,-1.81,0.845663225,0.29,460.5138694,389.4396439,71.07422549
710,62496001,1.14,0.19,0.26,3.83,5.7,0,12,2,2,147,0,0.38,0.3,0.34,0.03,-2.11,0.793489448,0.29,374.8426213,297.4336647,77.40895661
711,62676000,1.06,0.26,0.34,2.76,4.8,0,0,0,2,153,0,0.41,0.33,0.33,0,-1.51,0.828308182,0.24,341.9381028,283.2301282,58.70797465
712,62772500,5.38,2.69,3.12,9,14.36,0,0,0,0,166,0,0.16,0.16,0.53,0.07,-0.97,0.889456704,1.31,1897.312863,1687.577646,209.7352167
713,63160000,0.9,0.3,0.36,2.04,3.8,0,0,1,2,156,0,0.28,0.23,0.55,0.01,-1.33,0.83771546,0.24,317.8641268,266.2796933,51.58443348
714,64346000,0.97,0.52,0.59,1.61,2.26,0,0,0,0,174,0,0.17,0.16,0.31,0,-0.52,0.911819707,0.24,333.0374771,303.6701347,29.36734237
715,64370000,1.23,0.17,0.25,3.98,10.73,1,4,10,3,160,0,0.42,0.35,0.37,-0.72,-1.93,0.789031027,0.31,447.9249419,353.426677,94.49826487
716,64491000,1.22,0.23,0.32,2.65,8.4,0,0,4,3,175,0,1.12,0.34,1.74,0.07,-1.48,0.81649053,0.28,435.1875857,355.3265424,79.86104332
717,65019700,9.02,0.1,0.22,34.77,158.04,34,8,38,5,172,0,1.77,0.63,1.63,0.03,-2.44,0.785337533,2.15,3247.383477,2550.29213,697.091347
718,65415000,2.87,0.36,0.52,9.1,18.81,3,6,6,5,172,0,0.57,0.48,0.75,-0.28,-2.12,0.764587088,0.57,982.1226538,750.9183001,231.2043537
719,65855000,2.48,0.18,0.32,7.32,14.84,18,11,4,5,189,0,0.41,0.58,1.85,-0.46,-2.43,0.759858286,0.48,904.8142424,687.5305996,217.2836428
720,66006000,2.24,0.32,0.54,5.61,9.33,4,9,0,5,155,0,0.27,0.46,0.44,0.4,-1.91,0.82798658,0.48,796.3119965,659.335647,136.9763495
721,66008000,1.52,0.09,0.14,6.12,10.92,12,12,20,4,144,0,0.35,0.46,0.29,-0.3,-3.21,0.773072648,0.38,517.2560219,399.8764828,117.3795391
722,66160000,2.01,0.25,0.31,7.5,13.2,0,1,16,4,135,0,0.27,0.15,0.25,0.11,-3.68,0.79005268,0.45,684.7728731,541.0066434,143.7662297
723,75155000,2.7,0.42,0.56,8.12,16.95,1,3,4,4,194,0,0.41,0.58,0.68,-0.63,-1.99,0.803420926,0.49,924.1759905,742.5023302,181.6736603
724,75205000,2.48,0.34,0.49,7.57,14.97,2,7,4,4,186,0,0.41,0.46,0.47,-1.52,-2.17,0.807556979,0.47,895.0719827,722.8216261,172.2503566
725,75450000,2.58,0.16,0.27,10.24,17.07,18,9,13,5,197,0,0.42,0.7,0.38,0.8,-2.7,0.750498343,0.5,918.3316538,689.2063843,229.1252695
726,76100000,2.35,0.09,0.2,9.04,25.85,16,9,20,4,215,0,0.43,0.69,0.41,0.04,-2.55,0.746007215,0.47,853.5827203,636.778868,216.8038523
727,76300000,1.7,0.02,0.06,6.66,12.5,54,16,18,5,205,0,0.57,1.09,0.56,-0.97,-3.99,0.709137579,0.4,593.1207742,420.60423,172.5165442
728,76440000,2.69,0.05,0.17,9.2,20.37,34,7,9,3,213,0,0.35,0.88,0.4,-0.08,-3.36,0.723690789,0.53,957.5971283,693.0042214,264.5929069
729,76460000,3.28,0.04,0.14,12.23,39.86,39,10,20,2,192,0,0.54,1.07,0.66,-0.36,-2.75,0.734996114,0.62,1188.469942,873.5207887,314.9491533
730,81380000,1.68,0.57,0.69,3.84,6.89,0,0,1,2,167,0,0.38,0.52,0.48,0,-1.22,0.850151537,0.37,555.3349118,472.118829,83.21608283
731,81683000,1.97,0.73,0.89,4.23,6.07,0,0,0,0,162,0,0.26,0.2,0.3,0.71,-1.19,0.851071861,0.41,699.836989,595.6115685,104.2254205
732,84950000,3.67,0.15,0.34,13.95,32.39,16,4,18,2,157,0,0.3,0.6,0.4,-0.17,-3.03,0.730877559,0.71,1329.886668,971.9843222,357.9023458
733,87160000,2.16,0.11,0.23,7.34,18.35,16,6,12,2,219,0,0.35,0.53,0.45,-0.97,-2.71,0.73869467,0.42,778.5414116,575.1043911,203.4370205
734,87399000,1.4,0.1,0.15,4.75,6.55,22,8,2,2,246,0,0.34,0.49,0.27,-0.3,-3.37,0.734042654,0.34,507.0094626,372.1665717,134.8428909
735,87400000,2.02,0.12,0.19,6.44,10.57,33,11,2,2,244,0,0.36,0.89,0.34,-0.23,-2.99,0.746594711,0.49,731.6414833,546.2396615,185.4018218
